smiles,pactivity,n_measurements,pactivity_sd,pactivity_min,pactivity_max,first_document_year,last_document_year,n_documents,n_assays,scaffold,pactivity_span
CC(=O)N1CCCC(Cn2ccnc2-c2cc(C)c(=O)n(C)c2)C1,5.8,2,0.9899494936611668,5.1,6.5,2024,2024,1,2,O=c1ccc(-c2nccn2CC2CCCNC2)c[nH]1,1.4000000000000004
CC(=O)N1CCC[C@H](Cn2cc(Cl)nc2-c2cc(C)c(=O)n(C)c2)C1,6.55,2,1.0606601717798212,5.8,7.3,2024,2024,1,2,O=c1ccc(-c2nccn2CC2CCCNC2)c[nH]1,1.5
CC(=O)N1CCN(CCn2c(CCc3ccc(OCCCN(C)C)cc3)nc3cc(-c4c(C)noc4C)ccc32)CC1,5.1,1,0.0,5.1,5.1,2025,2025,1,1,c1ccc(CCc2nc3cc(-c4cnoc4)ccc3n2CCN2CCNCC2)cc1,0.0
CC(=O)Nc1cc(-c2cn(C)c(=O)c3cc(CN4CCN(S(C)(=O)=O)C[C@H]4C)oc23)ccn1,7.2,1,0.0,7.2,7.2,2024,2024,1,1,O=c1[nH]cc(-c2ccncc2)c2oc(CN3CCNCC3)cc12,0.0
CC(=O)Nc1cn(Cc2ccccc2)c(-c2cc(C)c(=O)n(C)c2)n1,6.449999999999999,2,0.2121320343559638,6.3,6.6,2024,2024,1,2,O=c1ccc(-c2nccn2Cc2ccccc2)c[nH]1,0.2999999999999998
CC(=O)Oc1ccc(CCc2nc3cc(-c4c(C)noc4C)ccc3n2CCN2CCOCC2)cc1,5.89,1,0.0,5.89,5.89,2025,2025,1,1,c1ccc(CCc2nc3cc(-c4cnoc4)ccc3n2CCN2CCOCC2)cc1,0.0
CC(C)=C1C(=O)Nc2cc(-c3cnn(C)c3)c(NS(=O)(=O)C3CCCCC3)cc21,6.445,2,0.4454772721475252,6.13,6.76,2024,2024,1,2,C=C1C(=O)Nc2cc(-c3cn[nH]c3)c(NS(=O)(=O)C3CCCCC3)cc21,0.6299999999999999
CC(C)=C1C(=O)Nc2cc(-c3cnn(C)c3)c(NS(=O)(=O)c3ccccc3Br)cc21,6.3,2,0.6646803743153543,5.83,6.77,2024,2024,1,2,C=C1C(=O)Nc2cc(-c3cn[nH]c3)c(NS(=O)(=O)c3ccccc3)cc21,0.9399999999999995
CC(C)=C1C(=O)Nc2cc(-c3cnn(C)c3)c(NS(=O)(=O)c3ccccc3F)cc21,6.619999999999999,2,0.26870057685088766,6.43,6.81,2024,2024,1,2,C=C1C(=O)Nc2cc(-c3cn[nH]c3)c(NS(=O)(=O)c3ccccc3)cc21,0.3799999999999999
CC(C)N1c2cc(Nc3nccc(-c4c[nH]nc4-c4ccccc4)n3)ccc2N(C)C(=O)[C@H]1C,7.29,1,0.0,7.29,7.29,2025,2025,1,1,O=C1CNc2cc(Nc3nccc(-c4c[nH]nc4-c4ccccc4)n3)ccc2N1,0.0
CC(C)N1c2cc(Nc3nccc(-c4c[nH]nc4C4CCCC4)n3)ccc2N(C)C(=O)[C@H]1C,7.54,1,0.0,7.54,7.54,2025,2025,1,1,O=C1CNc2cc(Nc3nccc(-c4c[nH]nc4C4CCCC4)n3)ccc2N1,0.0
CC(C)N1c2cc(Nc3nccc(-c4c[nH]nc4C4CCCCC4)n3)ccc2N(C)C(=O)[C@H]1C,7.27,1,0.0,7.27,7.27,2025,2025,1,1,O=C1CNc2cc(Nc3nccc(-c4c[nH]nc4C4CCCCC4)n3)ccc2N1,0.0
CC(C)N1c2cc(Nc3nccc(-c4cc[nH]n4)n3)ccc2N(C)C(=O)[C@H]1C,6.61,1,0.0,6.61,6.61,2025,2025,1,1,O=C1CNc2cc(Nc3nccc(-c4cc[nH]n4)n3)ccc2N1,0.0
CC(C)N1c2cc(Nc3nccc(-c4ccn(C)n4)n3)ccc2N(C)C(=O)[C@H]1C,6.62,1,0.0,6.62,6.62,2025,2025,1,1,O=C1CNc2cc(Nc3nccc(-c4cc[nH]n4)n3)ccc2N1,0.0
CC(C)N1c2cc(Nc3nccc(-c4ccnn4C(C)C)n3)ccc2N(C)C(=O)[C@H]1C,7.38,1,0.0,7.38,7.38,2025,2025,1,1,O=C1CNc2cc(Nc3nccc(-c4ccn[nH]4)n3)ccc2N1,0.0
CC(C)N1c2cc(Nc3nccc(-c4ccnn4C)n3)ccc2N(C)C(=O)[C@H]1C,7.07,1,0.0,7.07,7.07,2025,2025,1,1,O=C1CNc2cc(Nc3nccc(-c4ccn[nH]4)n3)ccc2N1,0.0
CC(C)N1c2cc(Nc3nccc(-c4cn[nH]c4)n3)ccc2N(C)C(=O)[C@H]1C,6.24,1,0.0,6.24,6.24,2025,2025,1,1,O=C1CNc2cc(Nc3nccc(-c4cn[nH]c4)n3)ccc2N1,0.0
CC(C)N1c2cc(Nc3nccc(Nc4cc(-c5ccccc5)nn4C)n3)ccc2N(C)C(=O)[C@H]1C,6.87,1,0.0,6.87,6.87,2025,2025,1,1,O=C1CNc2cc(Nc3nccc(Nc4cc(-c5ccccc5)n[nH]4)n3)ccc2N1,0.0
CC(C)N1c2cc(Nc3nccc(Nc4cc(C(C)(C)C)n[nH]4)n3)ccc2N(C)C(=O)[C@H]1C,6.49,1,0.0,6.49,6.49,2025,2025,1,1,O=C1CNc2cc(Nc3nccc(Nc4ccn[nH]4)n3)ccc2N1,0.0
CC(C)N1c2cc(Nc3nccc(Nc4cc(C(C)(C)C)nn4C)n3)ccc2N(C)C(=O)[C@H]1C,6.77,1,0.0,6.77,6.77,2025,2025,1,1,O=C1CNc2cc(Nc3nccc(Nc4ccn[nH]4)n3)ccc2N1,0.0
CC(C)N1c2cc(Nc3nccc(Nc4cc(C5CC5)nn4C)n3)ccc2N(C)C(=O)[C@H]1C,6.94,1,0.0,6.94,6.94,2025,2025,1,1,O=C1CNc2cc(Nc3nccc(Nc4cc(C5CC5)n[nH]4)n3)ccc2N1,0.0
CC(C)c1ccc(NC(=O)CCCOc2cc(=O)n(C)c3ccccc23)cc1,6.59,1,0.0,6.59,6.59,2024,2024,1,1,O=C(CCCOc1cc(=O)[nH]c2ccccc12)Nc1ccccc1,0.0
CC(C)c1n[nH]cc1-c1ccnc(Nc2ccc3c(c2)N(C(C)C)[C@H](C)C(=O)N3C)n1,7.35,1,0.0,7.35,7.35,2025,2025,1,1,O=C1CNc2cc(Nc3nccc(-c4cn[nH]c4)n3)ccc2N1,0.0
CCNC(=O)c1cn(Cc2ccccc2)c(-c2cc(C)c(=O)n(C)c2)n1,6.7,2,0.4242640687119283,6.4,7.0,2024,2024,1,2,O=c1ccc(-c2nccn2Cc2ccccc2)c[nH]1,0.5999999999999996
CCOC(C)n1cc(-c2cc3c(cc2NS(=O)(=O)c2ccccc2OC)C(=C(C)C)C(=O)N3)cn1,6.555,2,0.34648232278140845,6.31,6.8,2024,2024,1,2,C=C1C(=O)Nc2cc(-c3cn[nH]c3)c(NS(=O)(=O)c3ccccc3)cc21,0.4900000000000002
CCO[C@H]1CC[C@H](n2c([C@@H]3C[C@H](F)C(=O)N3c3ccc(F)c(F)c3)nc3cc(-c4c(C)noc4C)ccc32)CC1,6.69,1,0.0,6.69,6.69,2024,2024,1,1,O=C1CCC(c2nc3cc(-c4cnoc4)ccc3n2C2CCCCC2)N1c1ccccc1,0.0
CCS(=O)(=O)Nc1cc(-c2cc(N)c(=O)n(C)c2)cc2c1ccn2C(C)(c1ccccn1)c1ccccn1,7.79,1,0.0,7.79,7.79,2024,2024,1,1,O=c1ccc(-c2ccc3ccn(C(c4ccccn4)c4ccccn4)c3c2)c[nH]1,0.0
CCS(=O)(=O)Nc1cc(-c2cc(NC(C)=O)c(=O)n(C)c2)cc2c1ccn2C(C)(c1ccccn1)c1ccccn1,6.15,1,0.0,6.15,6.15,2024,2024,1,1,O=c1ccc(-c2ccc3ccn(C(c4ccccn4)c4ccccn4)c3c2)c[nH]1,0.0
CCS(=O)(=O)Nc1cc(-c2cc(NC)c(=O)n(C)c2)cc2c1ccn2C(C)(c1ccccn1)c1ccccn1,7.8,1,0.0,7.8,7.8,2024,2024,1,1,O=c1ccc(-c2ccc3ccn(C(c4ccccn4)c4ccccn4)c3c2)c[nH]1,0.0
CCS(=O)(=O)Nc1cc(-c2cc(NC3CCN(C(=O)C4CC4)CC3)c(=O)n(C)c2)cc2c1ccn2C(C)(c1ccccn1)c1ccccn1,6.0,1,0.0,6.0,6.0,2024,2024,1,1,O=C(C1CC1)N1CCC(Nc2cc(-c3ccc4ccn(C(c5ccccn5)c5ccccn5)c4c3)c[nH]c2=O)CC1,0.0
CCS(=O)(=O)Nc1cc(-c2cc(NC3CCN(C(=O)OC(C)(C)C)CC3)c(=O)n(C)c2)cc2c1ccn2C(C)(c1ccccn1)c1ccccn1,5.57,1,0.0,5.57,5.57,2024,2024,1,1,O=c1[nH]cc(-c2ccc3ccn(C(c4ccccn4)c4ccccn4)c3c2)cc1NC1CCNCC1,0.0
CCS(=O)(=O)Nc1cc(-c2cc(NC3CCN(C)CC3)c(=O)n(C)c2)cc2c1ccn2C(C)(c1ccccn1)c1ccccn1,5.28,1,0.0,5.28,5.28,2024,2024,1,1,O=c1[nH]cc(-c2ccc3ccn(C(c4ccccn4)c4ccccn4)c3c2)cc1NC1CCNCC1,0.0
CCS(=O)(=O)Nc1cc(-c2cc(NC3CCN(S(=O)(=O)CC)CC3)c(=O)n(C)c2)cc2c1ccn2C(C)(c1ccccn1)c1ccccn1,5.72,1,0.0,5.72,5.72,2024,2024,1,1,O=c1[nH]cc(-c2ccc3ccn(C(c4ccccn4)c4ccccn4)c3c2)cc1NC1CCNCC1,0.0
CCS(=O)(=O)Nc1cc(-c2cc(NC3CCN(S(C)(=O)=O)CC3)c(=O)n(C)c2)cc2c1ccn2C(C)(c1ccccn1)c1ccccn1,6.36,1,0.0,6.36,6.36,2024,2024,1,1,O=c1[nH]cc(-c2ccc3ccn(C(c4ccccn4)c4ccccn4)c3c2)cc1NC1CCNCC1,0.0
CCS(=O)(=O)Nc1cc(-c2cc(NC3CCNCC3)c(=O)n(C)c2)cc2c1ccn2C(C)(c1ccccn1)c1ccccn1,5.51,1,0.0,5.51,5.51,2024,2024,1,1,O=c1[nH]cc(-c2ccc3ccn(C(c4ccccn4)c4ccccn4)c3c2)cc1NC1CCNCC1,0.0
CCS(=O)(=O)Nc1cc(-c2cc(NC3CN(C(=O)C4CCN(C)CC4)C3)c(=O)n(C)c2)cc2c1ccn2C(C)(c1ccccn1)c1ccccn1,6.39,1,0.0,6.39,6.39,2024,2024,1,1,O=C(C1CCNCC1)N1CC(Nc2cc(-c3ccc4ccn(C(c5ccccn5)c5ccccn5)c4c3)c[nH]c2=O)C1,0.0
CCS(=O)(=O)Nc1cc(-c2cc(NC3CN(C(=O)CN4CCN(C)CC4)C3)c(=O)n(C)c2)cc2c1ccn2C(C)(c1ccccn1)c1ccccn1,6.5,1,0.0,6.5,6.5,2024,2024,1,1,O=C(CN1CCNCC1)N1CC(Nc2cc(-c3ccc4ccn(C(c5ccccn5)c5ccccn5)c4c3)c[nH]c2=O)C1,0.0
CCS(=O)(=O)Nc1cc(-c2cc(NC3CN(C(=O)CN4CCOCC4)C3)c(=O)n(C)c2)cc2c1ccn2C(C)(c1ccccn1)c1ccccn1,6.31,1,0.0,6.31,6.31,2024,2024,1,1,O=C(CN1CCOCC1)N1CC(Nc2cc(-c3ccc4ccn(C(c5ccccn5)c5ccccn5)c4c3)c[nH]c2=O)C1,0.0
CCS(=O)(=O)Nc1cc(-c2cc(NC3CN(C(=O)N4CCN(C)CC4)C3)c(=O)n(C)c2)cc2c1ccn2C(C)(c1ccccn1)c1ccccn1,6.72,1,0.0,6.72,6.72,2024,2024,1,1,O=C(N1CCNCC1)N1CC(Nc2cc(-c3ccc4ccn(C(c5ccccn5)c5ccccn5)c4c3)c[nH]c2=O)C1,0.0
CCS(=O)(=O)Nc1cc(-c2cc(NC3CN(C(=O)OC(C)(C)C)C3)c(=O)n(C)c2)cc2c1ccn2C(C)(c1ccccn1)c1ccccn1,6.22,1,0.0,6.22,6.22,2024,2024,1,1,O=c1[nH]cc(-c2ccc3ccn(C(c4ccccn4)c4ccccn4)c3c2)cc1NC1CNC1,0.0
CCS(=O)(=O)Nc1cc(-c2cc(NC3CN(C(=O)OC(C)(C)C)C3)c(=O)n(C)c2)cc2c1ccn2C(C)c1ccccc1,6.03,1,0.0,6.03,6.03,2024,2024,1,1,O=c1[nH]cc(-c2ccc3ccn(Cc4ccccc4)c3c2)cc1NC1CNC1,0.0
CCS(=O)(=O)Nc1cc(-c2cc(NC3CN(C(C)=O)C3)c(=O)n(C)c2)cc2c1ccn2C(C)(c1ccccn1)c1ccccn1,6.93,1,0.0,6.93,6.93,2024,2024,1,1,O=c1[nH]cc(-c2ccc3ccn(C(c4ccccn4)c4ccccn4)c3c2)cc1NC1CNC1,0.0
CCS(=O)(=O)Nc1cc(-c2cc(NC3CN(C)C3)c(=O)n(C)c2)cc2c1ccn2C(C)(c1ccccn1)c1ccccn1,6.28,1,0.0,6.28,6.28,2024,2024,1,1,O=c1[nH]cc(-c2ccc3ccn(C(c4ccccn4)c4ccccn4)c3c2)cc1NC1CNC1,0.0
CCS(=O)(=O)Nc1cc(-c2cc(NC3CN(S(=O)(=O)CC)C3)c(=O)n(C)c2)cc2c1ccn2C(C)(c1ccccn1)c1ccccn1,6.53,1,0.0,6.53,6.53,2024,2024,1,1,O=c1[nH]cc(-c2ccc3ccn(C(c4ccccn4)c4ccccn4)c3c2)cc1NC1CNC1,0.0
CCS(=O)(=O)Nc1cc(-c2cc(NC3CN(S(C)(=O)=O)C3)c(=O)n(C)c2)cc2c1ccn2C(C)(c1ccccn1)c1ccccn1,6.1,1,0.0,6.1,6.1,2024,2024,1,1,O=c1[nH]cc(-c2ccc3ccn(C(c4ccccn4)c4ccccn4)c3c2)cc1NC1CNC1,0.0
CCS(=O)(=O)Nc1cc(-c2cc(NC3CNC3)c(=O)n(C)c2)cc2c1ccn2C(C)(c1ccccn1)c1ccccn1,6.86,1,0.0,6.86,6.86,2024,2024,1,1,O=c1[nH]cc(-c2ccc3ccn(C(c4ccccn4)c4ccccn4)c3c2)cc1NC1CNC1,0.0
CCS(=O)(=O)Nc1cc(-c2cc(NC3CNC3)c(=O)n(C)c2)cc2c1ccn2C(C)c1ccccc1,6.07,1,0.0,6.07,6.07,2024,2024,1,1,O=c1[nH]cc(-c2ccc3ccn(Cc4ccccc4)c3c2)cc1NC1CNC1,0.0
CCS(=O)(=O)Nc1cc(-c2cc(NCc3ccc(N(C)C)cc3)c(=O)n(C)c2)cc2c1ccn2C(C)(c1ccccn1)c1ccccn1,5.05,1,0.0,5.05,5.05,2024,2024,1,1,O=c1[nH]cc(-c2ccc3ccn(C(c4ccccn4)c4ccccn4)c3c2)cc1NCc1ccccc1,0.0
CC[C@@H]1C(=O)N(C)c2ccc(Nc3ncc(F)c(-c4c(C5CC5)nn(C)c4C)n3)cc2N1C(C)C,7.2,1,0.0,7.2,7.2,2025,2025,1,1,O=C1CNc2cc(Nc3nccc(-c4c[nH]nc4C4CC4)n3)ccc2N1,0.0
CC[C@@H]1C(=O)N(C)c2ccc(Nc3ncc(F)c(-c4c(C5CCC5)nn(C)c4C)n3)cc2N1C(C)C,7.28,1,0.0,7.28,7.28,2025,2025,1,1,O=C1CNc2cc(Nc3nccc(-c4c[nH]nc4C4CCC4)n3)ccc2N1,0.0
CC[C@@H]1C(=O)N(C)c2ccc(Nc3ncc(F)c(-c4c(C5CCCC5)nn(C)c4C)n3)cc2N1C(C)C,7.39,1,0.0,7.39,7.39,2025,2025,1,1,O=C1CNc2cc(Nc3nccc(-c4c[nH]nc4C4CCCC4)n3)ccc2N1,0.0
CC[C@@H]1C(=O)N(C)c2ccc(Nc3nccc(-c4c(C5CC5)nn(C)c4C)n3)cc2N1C(C)C,7.27,1,0.0,7.27,7.27,2025,2025,1,1,O=C1CNc2cc(Nc3nccc(-c4c[nH]nc4C4CC4)n3)ccc2N1,0.0
CC[C@@H]1C(=O)N(C)c2cnc(Nc3cc4c(cc3OC)C(=O)N(C(C)C)C4)nc2N1C1CCCC1,6.95,1,0.0,6.95,6.95,2024,2024,1,1,O=C1CN(C2CCCC2)c2nc(Nc3ccc4c(c3)CNC4=O)ncc2N1,0.0
CC[C@@H]1C(=O)N(C)c2cnc(Nc3cc4c(cc3OC)C(=O)N(C3CCCC3)C4)nc2N1C1CCCC1,6.66,1,0.0,6.66,6.66,2024,2024,1,1,O=C1CN(C2CCCC2)c2nc(Nc3ccc4c(c3)CN(C3CCCC3)C4=O)ncc2N1,0.0
CC[C@@H]1C(=O)N(C)c2cnc(Nc3cc4c(cc3OC)C(=O)N(C3CCN(C)CC3)C4)nc2N1C1CCCC1,7.12,1,0.0,7.12,7.12,2024,2024,1,1,O=C1CN(C2CCCC2)c2nc(Nc3ccc4c(c3)CN(C3CCNCC3)C4=O)ncc2N1,0.0
CC[C@@H]1C(=O)N(C)c2cnc(Nc3cc4c(cc3OC)CCN4C(=O)CN(CC)CC)nc2N1C1CCCC1,6.26,1,0.0,6.26,6.26,2024,2024,1,1,O=C1CN(C2CCCC2)c2nc(Nc3ccc4c(c3)NCC4)ncc2N1,0.0
CC[C@@H]1C(=O)N(C)c2cnc(Nc3cc4c(cc3OC)CCN4C(=O)CN3CCC(C)CC3)nc2N1C1CCCC1,5.81,1,0.0,5.81,5.81,2024,2024,1,1,O=C1CN(C2CCCC2)c2nc(Nc3ccc4c(c3)N(C(=O)CN3CCCCC3)CC4)ncc2N1,0.0
CC[C@@H]1C(=O)N(C)c2cnc(Nc3cc4c(cc3OC)CCN4C(=O)CN3CCC(O)CC3)nc2N1C1CCCC1,6.38,1,0.0,6.38,6.38,2024,2024,1,1,O=C1CN(C2CCCC2)c2nc(Nc3ccc4c(c3)N(C(=O)CN3CCCCC3)CC4)ncc2N1,0.0
CC[C@@H]1C(=O)N(C)c2cnc(Nc3cc4c(cc3OC)CCN4C(=O)CN3CCCC(C)C3)nc2N1C1CCCC1,5.76,1,0.0,5.76,5.76,2024,2024,1,1,O=C1CN(C2CCCC2)c2nc(Nc3ccc4c(c3)N(C(=O)CN3CCCCC3)CC4)ncc2N1,0.0
CC[C@@H]1C(=O)N(C)c2cnc(Nc3cc4c(cc3OC)CCN4C(=O)CN3CCCC3)nc2N1C1CCCC1,6.07,1,0.0,6.07,6.07,2024,2024,1,1,O=C1CN(C2CCCC2)c2nc(Nc3ccc4c(c3)N(C(=O)CN3CCCC3)CC4)ncc2N1,0.0
CC[C@@H]1C(=O)N(C)c2cnc(Nc3cc4c(cc3OC)CCN4C(=O)CN3CCCCC3)nc2N1C1CCCC1,5.97,1,0.0,5.97,5.97,2024,2024,1,1,O=C1CN(C2CCCC2)c2nc(Nc3ccc4c(c3)N(C(=O)CN3CCCCC3)CC4)ncc2N1,0.0
CC[C@@H]1C(=O)N(C)c2cnc(Nc3cc4c(cc3OC)CCN4C(=O)CN3CCC[C@H]3CO)nc2N1C1CCCC1,6.52,1,0.0,6.52,6.52,2024,2024,1,1,O=C1CN(C2CCCC2)c2nc(Nc3ccc4c(c3)N(C(=O)CN3CCCC3)CC4)ncc2N1,0.0
CC[C@@H]1C(=O)N(C)c2cnc(Nc3cc4c(cc3OC)CCN4C(=O)CN3CCN(C(C)=O)CC3)nc2N1C1CCCC1,6.66,1,0.0,6.66,6.66,2024,2024,1,1,O=C1CN(C2CCCC2)c2nc(Nc3ccc4c(c3)N(C(=O)CN3CCNCC3)CC4)ncc2N1,0.0
CC[C@@H]1C(=O)N(C)c2cnc(Nc3cc4c(cc3OC)CCN4C(=O)CN3CCN(C(C)=O)CC3)nc2N1CC1CCCCC1,6.06,1,0.0,6.06,6.06,2024,2024,1,1,O=C1CN(CC2CCCCC2)c2nc(Nc3ccc4c(c3)N(C(=O)CN3CCNCC3)CC4)ncc2N1,0.0
CC[C@@H]1C(=O)N(C)c2cnc(Nc3cc4c(cc3OC)CCN4C(=O)CN3CCN(C(C)=O)CC3)nc2N1Cc1cc(C)cs1,6.24,1,0.0,6.24,6.24,2024,2024,1,1,O=C1CN(Cc2cccs2)c2nc(Nc3ccc4c(c3)N(C(=O)CN3CCNCC3)CC4)ncc2N1,0.0
CC[C@@H]1C(=O)N(C)c2cnc(Nc3cc4c(cc3OC)CCN4C(=O)CN3CCN(C(C)=O)CC3)nc2N1Cc1cccs1,6.18,1,0.0,6.18,6.18,2024,2024,1,1,O=C1CN(Cc2cccs2)c2nc(Nc3ccc4c(c3)N(C(=O)CN3CCNCC3)CC4)ncc2N1,0.0
CC[C@@H]1C(=O)N(C)c2cnc(Nc3cc4c(cc3OC)CCN4C(=O)CN3CCN(C(C)C)CC3)nc2N1C1CCCC1,6.1,1,0.0,6.1,6.1,2024,2024,1,1,O=C1CN(C2CCCC2)c2nc(Nc3ccc4c(c3)N(C(=O)CN3CCNCC3)CC4)ncc2N1,0.0
CC[C@@H]1C(=O)N(C)c2cnc(Nc3cc4c(cc3OC)CCN4C(=O)CN3CCN(C)CC3)nc2N1C1CCCC1,6.86,1,0.0,6.86,6.86,2024,2024,1,1,O=C1CN(C2CCCC2)c2nc(Nc3ccc4c(c3)N(C(=O)CN3CCNCC3)CC4)ncc2N1,0.0
CC[C@@H]1C(=O)N(C)c2cnc(Nc3cc4c(cc3OC)CCN4C(=O)CN3CCN(C4CCCC4)CC3)nc2N1C1CCCC1,5.85,1,0.0,5.85,5.85,2024,2024,1,1,O=C1CN(C2CCCC2)c2nc(Nc3ccc4c(c3)N(C(=O)CN3CCN(C5CCCC5)CC3)CC4)ncc2N1,0.0
CC[C@@H]1C(=O)N(C)c2cnc(Nc3cc4c(cc3OC)CCN4C(=O)CN3CCN(CC)CC3)nc2N1C1CCCC1,6.04,1,0.0,6.04,6.04,2024,2024,1,1,O=C1CN(C2CCCC2)c2nc(Nc3ccc4c(c3)N(C(=O)CN3CCNCC3)CC4)ncc2N1,0.0
CC[C@@H]1C(=O)N(C)c2cnc(Nc3cc4c(cc3OC)CCN4C(=O)CN3CCN(CCO)CC3)nc2N1C1CCCC1,6.09,1,0.0,6.09,6.09,2024,2024,1,1,O=C1CN(C2CCCC2)c2nc(Nc3ccc4c(c3)N(C(=O)CN3CCNCC3)CC4)ncc2N1,0.0
CC[C@@H]1C(=O)N(C)c2cnc(Nc3cc4c(cc3OC)CCN4C(=O)CN3CCN(S(C)(=O)=O)CC3)nc2N1C1CCCC1,5.77,1,0.0,5.77,5.77,2024,2024,1,1,O=C1CN(C2CCCC2)c2nc(Nc3ccc4c(c3)N(C(=O)CN3CCNCC3)CC4)ncc2N1,0.0
CC[C@@H]1C(=O)N(C)c2cnc(Nc3cc4c(cc3OC)CCN4C(=O)CN3CCOCC3)nc2N1C1CCCC1,5.77,1,0.0,5.77,5.77,2024,2024,1,1,O=C1CN(C2CCCC2)c2nc(Nc3ccc4c(c3)N(C(=O)CN3CCOCC3)CC4)ncc2N1,0.0
CC[C@@H]1C(=O)N(C)c2cnc(Nc3cc4c(cc3OC)CCN4C(=O)CN3CCSCC3)nc2N1C1CCCC1,7.01,1,0.0,7.01,7.01,2024,2024,1,1,O=C1CN(C2CCCC2)c2nc(Nc3ccc4c(c3)N(C(=O)CN3CCSCC3)CC4)ncc2N1,0.0
CC[C@@H]1C(=O)N(C)c2cnc(Nc3cc4c(cc3OC)CCN4C(=O)CN3C[C@@H](C)N[C@@H](C)C3)nc2N1C1CCCC1,6.09,1,0.0,6.09,6.09,2024,2024,1,1,O=C1CN(C2CCCC2)c2nc(Nc3ccc4c(c3)N(C(=O)CN3CCNCC3)CC4)ncc2N1,0.0
CC[C@@H]1C(=O)N(C)c2cnc(Nc3cc4c(cc3OC)N(C(=O)CN(CC)CC)CC4)nc2N1C1CCCC1,6.54,1,0.0,6.54,6.54,2024,2024,1,1,O=C1CN(C2CCCC2)c2nc(Nc3ccc4c(c3)CCN4)ncc2N1,0.0
CC[C@@H]1C(=O)N(C)c2cnc(Nc3cc4c(cc3OC)N(C(=O)CN3CCC(O)CC3)CC4)nc2N1C1CCCC1,6.66,1,0.0,6.66,6.66,2024,2024,1,1,O=C1CN(C2CCCC2)c2nc(Nc3ccc4c(c3)CCN4C(=O)CN3CCCCC3)ncc2N1,0.0
CC[C@@H]1C(=O)N(C)c2cnc(Nc3cc4c(cc3OC)N(C(=O)CN3CCCC3)CC4)nc2N1C1CCCC1,6.81,1,0.0,6.81,6.81,2024,2024,1,1,O=C1CN(C2CCCC2)c2nc(Nc3ccc4c(c3)CCN4C(=O)CN3CCCC3)ncc2N1,0.0
CC[C@@H]1C(=O)N(C)c2cnc(Nc3cc4c(cc3OC)N(C(=O)CN3CCCCC3)CC4)nc2N1C1CCCC1,6.94,1,0.0,6.94,6.94,2024,2024,1,1,O=C1CN(C2CCCC2)c2nc(Nc3ccc4c(c3)CCN4C(=O)CN3CCCCC3)ncc2N1,0.0
CC[C@@H]1C(=O)N(C)c2cnc(Nc3cc4c(cc3OC)N(C(=O)CN3CCC[C@H]3CO)CC4)nc2N1C1CCCC1,6.7,1,0.0,6.7,6.7,2024,2024,1,1,O=C1CN(C2CCCC2)c2nc(Nc3ccc4c(c3)CCN4C(=O)CN3CCCC3)ncc2N1,0.0
CC[C@@H]1C(=O)N(C)c2cnc(Nc3cc4c(cc3OC)N(C(=O)CN3CCN(C(C)=O)CC3)CC4)nc2N1C1CCCC1,6.89,1,0.0,6.89,6.89,2024,2024,1,1,O=C1CN(C2CCCC2)c2nc(Nc3ccc4c(c3)CCN4C(=O)CN3CCNCC3)ncc2N1,0.0
CC[C@@H]1C(=O)N(C)c2cnc(Nc3cc4c(cc3OC)N(C(=O)CN3CCN(C(C)=O)CC3)CC4)nc2N1C1CCCCC1,6.61,1,0.0,6.61,6.61,2024,2024,1,1,O=C1CN(C2CCCCC2)c2nc(Nc3ccc4c(c3)CCN4C(=O)CN3CCNCC3)ncc2N1,0.0
CC[C@@H]1C(=O)N(C)c2cnc(Nc3cc4c(cc3OC)N(C(=O)CN3CCN(C(C)=O)CC3)CC4)nc2N1CC1CCCCC1,6.53,1,0.0,6.53,6.53,2024,2024,1,1,O=C1CN(CC2CCCCC2)c2nc(Nc3ccc4c(c3)CCN4C(=O)CN3CCNCC3)ncc2N1,0.0
CC[C@@H]1C(=O)N(C)c2cnc(Nc3cc4c(cc3OC)N(C(=O)CN3CCN(C(C)=O)CC3)CC4)nc2N1Cc1cccs1,6.48,1,0.0,6.48,6.48,2024,2024,1,1,O=C1CN(Cc2cccs2)c2nc(Nc3ccc4c(c3)CCN4C(=O)CN3CCNCC3)ncc2N1,0.0
CC[C@@H]1C(=O)N(C)c2cnc(Nc3cc4c(cc3OC)N(C(=O)CN3CCN(C)CC3)CC4)nc2N1C1CCCC1,7.21,1,0.0,7.21,7.21,2024,2024,1,1,O=C1CN(C2CCCC2)c2nc(Nc3ccc4c(c3)CCN4C(=O)CN3CCNCC3)ncc2N1,0.0
CC[C@@H]1C(=O)N(C)c2cnc(Nc3cc4c(cc3OC)N(C(=O)CN3CCN(CCO)CC3)CC4)nc2N1C1CCCC1,6.72,1,0.0,6.72,6.72,2024,2024,1,1,O=C1CN(C2CCCC2)c2nc(Nc3ccc4c(c3)CCN4C(=O)CN3CCNCC3)ncc2N1,0.0
CC[C@@H]1C(=O)N(C)c2cnc(Nc3cc4c(cc3OC)N(C(=O)CN3CCN(S(C)(=O)=O)CC3)CC4)nc2N1C1CCCC1,7.05,1,0.0,7.05,7.05,2024,2024,1,1,O=C1CN(C2CCCC2)c2nc(Nc3ccc4c(c3)CCN4C(=O)CN3CCNCC3)ncc2N1,0.0
CC[C@@H]1C(=O)N(C)c2cnc(Nc3cc4c(cc3OC)N(C(=O)CN3CCOCC3)CC4)nc2N1C1CCCC1,7.25,1,0.0,7.25,7.25,2024,2024,1,1,O=C1CN(C2CCCC2)c2nc(Nc3ccc4c(c3)CCN4C(=O)CN3CCOCC3)ncc2N1,0.0
CC[C@@H]1C(=O)N(C)c2cnc(Nc3cc4c(cc3OC)N(C(=O)CN3CCOCC3)CC4)nc2N1C1CCCCC1,6.78,1,0.0,6.78,6.78,2024,2024,1,1,O=C1CN(C2CCCCC2)c2nc(Nc3ccc4c(c3)CCN4C(=O)CN3CCOCC3)ncc2N1,0.0
CC[C@@H]1C(=O)N(C)c2cnc(Nc3cc4c(cc3OC)N(C(=O)CN3CCOCC3)CC4)nc2N1C1CCOCC1,6.27,1,0.0,6.27,6.27,2024,2024,1,1,O=C1CN(C2CCOCC2)c2nc(Nc3ccc4c(c3)CCN4C(=O)CN3CCOCC3)ncc2N1,0.0
CC[C@@H]1C(=O)N(C)c2cnc(Nc3cc4c(cc3OC)N(C(=O)CN3CCOCC3)CC4)nc2N1CC1CCCC1,6.24,1,0.0,6.24,6.24,2024,2024,1,1,O=C1CN(CC2CCCC2)c2nc(Nc3ccc4c(c3)CCN4C(=O)CN3CCOCC3)ncc2N1,0.0
CC[C@@H]1C(=O)N(C)c2cnc(Nc3cc4c(cc3OC)N(C(=O)CN3CCOCC3)CC4)nc2N1CC1CCCCC1,6.28,1,0.0,6.28,6.28,2024,2024,1,1,O=C1CN(CC2CCCCC2)c2nc(Nc3ccc4c(c3)CCN4C(=O)CN3CCOCC3)ncc2N1,0.0
CC[C@@H]1C(=O)N(C)c2cnc(Nc3cc4c(cc3OC)N(C(=O)CN3CCOCC3)CC4)nc2N1Cc1ccccc1,6.67,1,0.0,6.67,6.67,2024,2024,1,1,O=C1CN(Cc2ccccc2)c2nc(Nc3ccc4c(c3)CCN4C(=O)CN3CCOCC3)ncc2N1,0.0
CC[C@@H]1C(=O)N(C)c2cnc(Nc3cc4c(cc3OC)N(C(=O)CN3CCOCC3)CC4)nc2N1Cc1cccs1,6.81,1,0.0,6.81,6.81,2024,2024,1,1,O=C1CN(Cc2cccs2)c2nc(Nc3ccc4c(c3)CCN4C(=O)CN3CCOCC3)ncc2N1,0.0
CC[C@@H]1C(=O)N(C)c2cnc(Nc3cc4c(cc3OC)N(C(=O)CN3CCS(=O)(=O)CC3)CC4)nc2N1C1CCCC1,6.53,1,0.0,6.53,6.53,2024,2024,1,1,O=C1CN(C2CCCC2)c2nc(Nc3ccc4c(c3)CCN4C(=O)CN3CCS(=O)(=O)CC3)ncc2N1,0.0
CC[C@@H]1C(=O)N(C)c2cnc(Nc3cc4c(cc3OC)N(C(=O)CN3CCSCC3)CC4)nc2N1C1CCCC1,6.6,1,0.0,6.6,6.6,2024,2024,1,1,O=C1CN(C2CCCC2)c2nc(Nc3ccc4c(c3)CCN4C(=O)CN3CCSCC3)ncc2N1,0.0
CC[C@@H]1C(=O)N(C)c2cnc(Nc3cc4c(cc3OC)N(C(=O)CN3C[C@@H](C)N[C@@H](C)C3)CC4)nc2N1C1CCCC1,7.22,1,0.0,7.22,7.22,2024,2024,1,1,O=C1CN(C2CCCC2)c2nc(Nc3ccc4c(c3)CCN4C(=O)CN3CCNCC3)ncc2N1,0.0
CC[C@@H]1C(=O)N(C)c2cnc(Nc3cc4c(cc3OC)N(C(=O)CNC3CC3)CC4)nc2N1C1CCCC1,7.15,1,0.0,7.15,7.15,2024,2024,1,1,O=C1CN(C2CCCC2)c2nc(Nc3ccc4c(c3)CCN4C(=O)CNC3CC3)ncc2N1,0.0
CC[C@@H]1C(=O)N(C)c2cnc(Nc3cc4c(cc3OC)N(C(=O)CNC3CCCC3)CC4)nc2N1C1CCCC1,7.15,1,0.0,7.15,7.15,2024,2024,1,1,O=C1CN(C2CCCC2)c2nc(Nc3ccc4c(c3)CCN4C(=O)CNC3CCCC3)ncc2N1,0.0
CC[C@@H]1C(=O)N(C)c2cnc(Nc3ccc(C(=O)N[C@H]4CC[C@H](N5CCN(CC6CC6)CC5)CC4)cc3OC)nc2N1C(C)C,6.92,1,0.0,6.92,6.92,2024,2024,1,1,O=C1CNc2nc(Nc3ccc(C(=O)NC4CCC(N5CCN(CC6CC6)CC5)CC4)cc3)ncc2N1,0.0
CC[C@@H]1C(=O)N(C)c2cnc(Nc3ccc4c(c3)CN(C3CCN(C)CC3)C4=O)nc2N1C1CCCC1,6.74,1,0.0,6.74,6.74,2024,2024,1,1,O=C1CN(C2CCCC2)c2nc(Nc3ccc4c(c3)CN(C3CCNCC3)C4=O)ncc2N1,0.0
CCc1ccc(NC(=O)CCCOc2cc(=O)n(C)c3ccccc23)cc1,6.41,1,0.0,6.41,6.41,2024,2024,1,1,O=C(CCCOc1cc(=O)[nH]c2ccccc12)Nc1ccccc1,0.0
CCc1n[nH]c(C2CC2)c1-c1ccnc(Nc2ccc3c(c2)N(C(C)C)[C@H](C)C(=O)N3C)n1,7.77,1,0.0,7.77,7.77,2025,2025,1,1,O=C1CNc2cc(Nc3nccc(-c4cn[nH]c4C4CC4)n3)ccc2N1,0.0
CCn1cc(-c2ccnc(Nc3ccc4c(c3)N(C(C)C)[C@H](C)C(=O)N4C)n2)c(C)n1,7.01,1,0.0,7.01,7.01,2025,2025,1,1,O=C1CNc2cc(Nc3nccc(-c4cn[nH]c4)n3)ccc2N1,0.0
CCn1nccc1-c1ccnc(Nc2ccc3c(c2)N(C(C)C)[C@H](C)C(=O)N3C)n1,7.41,1,0.0,7.41,7.41,2025,2025,1,1,O=C1CNc2cc(Nc3nccc(-c4ccn[nH]4)n3)ccc2N1,0.0
CN1CCC(C(=O)N(C)C2CCCCC2)CC(Cn2cc3c(=O)n(C)cc(-c4ccn(C)n4)c3n2)C1,7.234999999999999,2,0.48790367901871773,6.89,7.58,2024,2024,1,1,O=C(NC1CCCCC1)C1CCNCC(Cn2cc3c(=O)[nH]cc(-c4cc[nH]n4)c3n2)C1,0.6900000000000004
COC(=O)CCCOc1ccc(CCc2nc3cc(-c4c(C)noc4C)ccc3n2CCN2CCOCC2)cc1,5.81,1,0.0,5.81,5.81,2025,2025,1,1,c1ccc(CCc2nc3cc(-c4cnoc4)ccc3n2CCN2CCOCC2)cc1,0.0
COC(=O)CN1CCN(CCn2c(CCc3ccc(OCCCN(C)C)cc3)nc3cc(-c4c(C)noc4C)ccc32)CC1,5.22,1,0.0,5.22,5.22,2025,2025,1,1,c1ccc(CCc2nc3cc(-c4cnoc4)ccc3n2CCN2CCNCC2)cc1,0.0
COCC(COC)n1ccnc1-c1cc(C)c(=O)n(C)c1,5.800000000000001,2,0.5656854249492382,5.4,6.2,2024,2024,1,2,O=c1ccc(-c2ncc[nH]2)c[nH]1,0.7999999999999998
COCCNC(=O)CCCOc1ccc(CCc2nc3cc(-c4c(C)noc4C)ccc3n2CCN2CCOCC2)cc1,5.79,1,0.0,5.79,5.79,2025,2025,1,1,c1ccc(CCc2nc3cc(-c4cnoc4)ccc3n2CCN2CCOCC2)cc1,0.0
COCCNC(=O)CN1CCN(CCn2c(CCc3ccc(OCCCN(C)C)cc3)nc3cc(-c4c(C)noc4C)ccc32)CC1,5.82,1,0.0,5.82,5.82,2025,2025,1,1,c1ccc(CCc2nc3cc(-c4cnoc4)ccc3n2CCN2CCNCC2)cc1,0.0
COCCNc1nnc2c(n1)[nH]c1cc(-c3c(C)noc3C)ccc12,6.22,1,0.0,6.22,6.22,2025,2025,1,1,c1nnc2c(n1)[nH]c1cc(-c3cnoc3)ccc12,0.0
COCCNc1nnc2c(n1)[nH]c1ccc(-c3c(C)noc3C)cc12,5.64,1,0.0,5.64,5.64,2025,2025,1,1,c1nnc2c(n1)[nH]c1ccc(-c3cnoc3)cc12,0.0
COCCNc1nnc2c3cc(-c4c(C)noc4C)ccc3n(C(c3ccccc3)C3CCOCC3)c2n1,6.33,1,0.0,6.33,6.33,2025,2025,1,1,c1ccc(C(C2CCOCC2)n2c3ccc(-c4cnoc4)cc3c3nncnc32)cc1,0.0
COCCNc1nnc2c3cc(-c4c(C)noc4C)ccc3n(Cc3ccc(F)cc3)c2n1,6.18,1,0.0,6.18,6.18,2025,2025,1,1,c1ccc(Cn2c3ccc(-c4cnoc4)cc3c3nncnc32)cc1,0.0
COCCNc1nnc2c3cc(-c4c(C)noc4C)ccc3n(Cc3ccccc3)c2n1,6.08,1,0.0,6.08,6.08,2025,2025,1,1,c1ccc(Cn2c3ccc(-c4cnoc4)cc3c3nncnc32)cc1,0.0
COCCNc1nnc2c3ccc(-c4c(C)nnn4C)cc3n(C(c3ccccn3)C3CCNCC3)c2n1,7.41,1,0.0,7.41,7.41,2025,2025,1,1,c1ccc(C(C2CCNCC2)n2c3cc(-c4cnn[nH]4)ccc3c3nncnc32)nc1,0.0
COCCNc1nnc2c3ccc(-c4c(C)noc4C)cc3n(C(c3ccccc3)C3CCNCC3)c2n1,7.63,1,0.0,7.63,7.63,2025,2025,1,1,c1ccc(C(C2CCNCC2)n2c3cc(-c4cnoc4)ccc3c3nncnc32)cc1,0.0
COCCNc1nnc2c3ccc(-c4c(C)noc4C)cc3n(C(c3ccccc3)C3CCOCC3)c2n1,8.27,1,0.0,8.27,8.27,2025,2025,1,1,c1ccc(C(C2CCOCC2)n2c3cc(-c4cnoc4)ccc3c3nncnc32)cc1,0.0
COCCNc1nnc2c3ccc(-c4c(C)noc4C)cc3n(C(c3ccccn3)C3CCNCC3)c2n1,7.74,1,0.0,7.74,7.74,2025,2025,1,1,c1ccc(C(C2CCNCC2)n2c3cc(-c4cnoc4)ccc3c3nncnc32)nc1,0.0
COCCNc1nnc2c3ccc(-c4c(C)noc4C)cc3n(C(c3ccccn3)C3CCOCC3)c2n1,8.01,1,0.0,8.01,8.01,2025,2025,1,1,c1ccc(C(C2CCOCC2)n2c3cc(-c4cnoc4)ccc3c3nncnc32)nc1,0.0
COCCNc1nnc2c3ccc(-c4c(C)noc4C)cc3n(Cc3ccc(F)cc3)c2n1,7.34,1,0.0,7.34,7.34,2025,2025,1,1,c1ccc(Cn2c3cc(-c4cnoc4)ccc3c3nncnc32)cc1,0.0
COCCNc1nnc2c3ccc(-c4c(C)noc4C)cc3n(Cc3ccccc3)c2n1,7.53,1,0.0,7.53,7.53,2025,2025,1,1,c1ccc(Cn2c3cc(-c4cnoc4)ccc3c3nncnc32)cc1,0.0
CO[C@H]1CC[C@H](n2c([C@@H]3CCCC(=O)N3c3ccc(F)c(F)c3)nc3cc(-c4c(C)noc4C)ccc32)CC1,6.63,1,0.0,6.63,6.63,2024,2024,1,1,O=C1CCCC(c2nc3cc(-c4cnoc4)ccc3n2C2CCCCC2)N1c1ccccc1,0.0
CO[C@H]1CC[C@H](n2c([C@@H]3C[C@@H](F)C(=O)N3c3ccc(F)c(F)c3)nc3cc(-c4c(C)noc4C)ccc32)CC1,6.61,1,0.0,6.61,6.61,2024,2024,1,1,O=C1CCC(c2nc3cc(-c4cnoc4)ccc3n2C2CCCCC2)N1c1ccccc1,0.0
CO[C@H]1CC[C@H](n2c([C@@H]3C[C@H](F)C(=O)N3c3ccc(F)c(Cl)c3)nc3cc(-c4c(C)noc4C)ccc32)CC1,6.41,1,0.0,6.41,6.41,2024,2024,1,1,O=C1CCC(c2nc3cc(-c4cnoc4)ccc3n2C2CCCCC2)N1c1ccccc1,0.0
CO[C@H]1CC[C@H](n2c([C@@H]3C[C@H](F)C(=O)N3c3ccc(F)c(F)c3)nc3cc(-c4c(C)nnn4C)ccc32)CC1,6.82,1,0.0,6.82,6.82,2024,2024,1,1,O=C1CCC(c2nc3cc(-c4cnn[nH]4)ccc3n2C2CCCCC2)N1c1ccccc1,0.0
CO[C@H]1CC[C@H](n2c([C@@H]3C[C@H](F)C(=O)N3c3ccc(F)c(F)c3)nc3cc(-c4c(C)noc4C)ccc32)CC1,6.73,1,0.0,6.73,6.73,2024,2024,1,1,O=C1CCC(c2nc3cc(-c4cnoc4)ccc3n2C2CCCCC2)N1c1ccccc1,0.0
COc1cc(Cl)c(C)cc1NC(=O)CCCOc1cc(=O)n(C)c2ccccc12,5.9,1,0.0,5.9,5.9,2024,2024,1,1,O=C(CCCOc1cc(=O)[nH]c2ccccc12)Nc1ccccc1,0.0
COc1cc(N2C(=O)[C@@H](F)C[C@H]2c2nc3cc(-c4c(C)noc4C)ccc3n2[C@H]2CC[C@H](OC)CC2)cc(F)c1F,6.45,1,0.0,6.45,6.45,2024,2024,1,1,O=C1CCC(c2nc3cc(-c4cnoc4)ccc3n2C2CCCCC2)N1c1ccccc1,0.0
COc1cc(OC)c(NC(=O)CCCOc2cc(=O)n(C)c3ccccc23)cc1Cl,5.75,1,0.0,5.75,5.75,2024,2024,1,1,O=C(CCCOc1cc(=O)[nH]c2ccccc12)Nc1ccccc1,0.0
COc1cc(OC)c2c(=O)[nH]c(-c3ccc(C(=O)N4CC5(CCN(c6ncc7c(C)cc(=O)n(C8CCCC8)c7n6)CC5)C4)cc3)nc2c1,6.63,1,0.0,6.63,6.63,2024,2024,1,1,O=C(c1ccc(-c2nc3ccccc3c(=O)[nH]2)cc1)N1CC2(CCN(c3ncc4ccc(=O)n(C5CCCC5)c4n3)CC2)C1,0.0
COc1cc(OC)c2c(=O)[nH]c(-c3ccc(C(=O)N4CCC(CCNc5ncc6c(C)cc(=O)n(C7CCCC7)c6n5)CC4)cc3)nc2c1,6.71,1,0.0,6.71,6.71,2024,2024,1,1,O=C(c1ccc(-c2nc3ccccc3c(=O)[nH]2)cc1)N1CCC(CCNc2ncc3ccc(=O)n(C4CCCC4)c3n2)CC1,0.0
COc1cc(OC)c2c(=O)[nH]c(-c3ccc(C(=O)N4CCC(Nc5ncc6c(C)cc(=O)n(C7CCCC7)c6n5)CC4)cc3)nc2c1,7.5,1,0.0,7.5,7.5,2024,2024,1,1,O=C(c1ccc(-c2nc3ccccc3c(=O)[nH]2)cc1)N1CCC(Nc2ncc3ccc(=O)n(C4CCCC4)c3n2)CC1,0.0
COc1cc(OC)c2c(=O)[nH]c(-c3ccc(C(=O)N4CCCC(CNc5ncc6c(C)cc(=O)n(C7CCCC7)c6n5)C4)cc3)nc2c1,6.88,1,0.0,6.88,6.88,2024,2024,1,1,O=C(c1ccc(-c2nc3ccccc3c(=O)[nH]2)cc1)N1CCCC(CNc2ncc3ccc(=O)n(C4CCCC4)c3n2)C1,0.0
COc1cc(OC)c2c(=O)[nH]c(-c3ccc(C(=O)N4CCN(Nc5ncc6c(C)cc(=O)n(C7CCCC7)c6n5)CC4)cc3)nc2c1,6.23,1,0.0,6.23,6.23,2024,2024,1,1,O=C(c1ccc(-c2nc3ccccc3c(=O)[nH]2)cc1)N1CCN(Nc2ncc3ccc(=O)n(C4CCCC4)c3n2)CC1,0.0
COc1cc(OC)c2c(=O)[nH]c(-c3ccc(C(=O)N4CCN(c5ncc6c(C)cc(=O)n(C7CCCC7)c6n5)CC4)cc3)nc2c1,7.08,1,0.0,7.08,7.08,2024,2024,1,1,O=C(c1ccc(-c2nc3ccccc3c(=O)[nH]2)cc1)N1CCN(c2ncc3ccc(=O)n(C4CCCC4)c3n2)CC1,0.0
COc1cc(OC)c2c(=O)[nH]c(-c3ccc(C(=O)NC4CCC(Nc5ncc6c(C)cc(=O)n(C7CCCC7)c6n5)CC4)cc3)nc2c1,6.41,1,0.0,6.41,6.41,2024,2024,1,1,O=C(NC1CCC(Nc2ncc3ccc(=O)n(C4CCCC4)c3n2)CC1)c1ccc(-c2nc3ccccc3c(=O)[nH]2)cc1,0.0
COc1cc(OC)c2c(=O)[nH]c(-c3ccc(C(=O)NCCCCCCNc4ncc5c(C)cc(=O)n(C6CCCC6)c5n4)cc3)nc2c1,6.62,1,0.0,6.62,6.62,2024,2024,1,1,O=C(NCCCCCCNc1ncc2ccc(=O)n(C3CCCC3)c2n1)c1ccc(-c2nc3ccccc3c(=O)[nH]2)cc1,0.0
COc1cc(OC)c2c(=O)[nH]c(-c3ccc(C(=O)NCCCCCNc4ncc5c(C)cc(=O)n(C6CCCC6)c5n4)cc3)nc2c1,6.2,1,0.0,6.2,6.2,2024,2024,1,1,O=C(NCCCCCNc1ncc2ccc(=O)n(C3CCCC3)c2n1)c1ccc(-c2nc3ccccc3c(=O)[nH]2)cc1,0.0
COc1cc(OC)c2c(=O)[nH]c(-c3ccc(C(=O)NCCCCNc4ncc5c(C)cc(=O)n(C6CCCC6)c5n4)cc3)nc2c1,6.43,1,0.0,6.43,6.43,2024,2024,1,1,O=C(NCCCCNc1ncc2ccc(=O)n(C3CCCC3)c2n1)c1ccc(-c2nc3ccccc3c(=O)[nH]2)cc1,0.0
COc1cc(OC)c2c(=O)[nH]c(-c3ccc(C(=O)NCCCNc4ncc5c(C)cc(=O)n(C6CCCC6)c5n4)cc3)nc2c1,6.23,1,0.0,6.23,6.23,2024,2024,1,1,O=C(NCCCNc1ncc2ccc(=O)n(C3CCCC3)c2n1)c1ccc(-c2nc3ccccc3c(=O)[nH]2)cc1,0.0
COc1cc(OC)c2c(=O)[nH]c(-c3ccc(C(=O)NCCN4CCN(c5ncc6c(C)cc(=O)n(C7CCCC7)c6n5)CC4)cc3)nc2c1,6.14,1,0.0,6.14,6.14,2024,2024,1,1,O=C(NCCN1CCN(c2ncc3ccc(=O)n(C4CCCC4)c3n2)CC1)c1ccc(-c2nc3ccccc3c(=O)[nH]2)cc1,0.0
COc1cc(OC)c2c(=O)[nH]c(-c3ccc(C(=O)NCCNc4ncc5c(C)cc(=O)n(C6CCCC6)c5n4)cc3)nc2c1,6.28,1,0.0,6.28,6.28,2024,2024,1,1,O=C(NCCNc1ncc2ccc(=O)n(C3CCCC3)c2n1)c1ccc(-c2nc3ccccc3c(=O)[nH]2)cc1,0.0
COc1cc(OC)c2c(=O)[nH]c(/C(C)=C/c3ccccc3)nc2c1,5.88,1,0.0,5.88,5.88,2025,2025,1,1,O=c1[nH]c(C=Cc2ccccc2)nc2ccccc12,0.0
COc1cc(OC)c2c(=O)[nH]c(/C=C/c3cc(OC)c(O)c(OC)c3)nc2c1,6.41,1,0.0,6.41,6.41,2025,2025,1,1,O=c1[nH]c(C=Cc2ccccc2)nc2ccccc12,0.0
COc1cc(OC)c2c(=O)[nH]c(/C=C/c3ccc(N(C)C)cc3)nc2c1,6.33,1,0.0,6.33,6.33,2025,2025,1,1,O=c1[nH]c(C=Cc2ccccc2)nc2ccccc12,0.0
COc1cc(OC)c2c(=O)[nH]c(C(=O)c3ccc(F)cc3)nc2c1,5.74,1,0.0,5.74,5.74,2025,2025,1,1,O=C(c1ccccc1)c1nc2ccccc2c(=O)[nH]1,0.0
COc1cc(OC)c2c(=O)[nH]c(C=C(c3ccccc3)c3ccccc3)nc2c1,5.15,1,0.0,5.15,5.15,2025,2025,1,1,O=c1[nH]c(C=C(c2ccccc2)c2ccccc2)nc2ccccc12,0.0
COc1cc(OC)c2c(=O)[nH]c(CC(C)c3ccc(C(C)(C)C)cc3)nc2c1,6.13,1,0.0,6.13,6.13,2025,2025,1,1,O=c1[nH]c(CCc2ccccc2)nc2ccccc12,0.0
COc1ccc(/C=C/c2nc3cc(OC)cc(OC)c3c(=O)[nH]2)cc1,6.92,1,0.0,6.92,6.92,2025,2025,1,1,O=c1[nH]c(C=Cc2ccccc2)nc2ccccc12,0.0
COc1ccc(Br)cc1S(=O)(=O)Nc1cc2c(cc1-c1cnn(C)c1)NC(=O)C2=C(C)C,6.845000000000001,2,0.5161879502661797,6.48,7.21,2024,2024,1,2,C=C1C(=O)Nc2cc(-c3cn[nH]c3)c(NS(=O)(=O)c3ccccc3)cc21,0.7299999999999995
COc1ccc(C(=O)c2nc3cc(OC)cc(OC)c3c(=O)[nH]2)cc1,5.41,1,0.0,5.41,5.41,2025,2025,1,1,O=C(c1ccccc1)c1nc2ccccc2c(=O)[nH]1,0.0
COc1ccc(CCc2nc3cc(OC)cc(OC)c3c(=O)[nH]2)cc1,6.13,1,0.0,6.13,6.13,2025,2025,1,1,O=c1[nH]c(CCc2ccccc2)nc2ccccc12,0.0
COc1ccc(Cc2nc3cc(OC)cc(OC)c3c(=O)[nH]2)cc1,5.82,1,0.0,5.82,5.82,2025,2025,1,1,O=c1[nH]c(Cc2ccccc2)nc2ccccc12,0.0
COc1ccc(Cl)cc1NC(=O)CCCOc1cc(=O)n(C)c2ccccc12,6.21,1,0.0,6.21,6.21,2024,2024,1,1,O=C(CCCOc1cc(=O)[nH]c2ccccc12)Nc1ccccc1,0.0
COc1ccc(N2C(=O)[C@@H](F)C[C@H]2c2nc3cc(-c4c(C)noc4C)ccc3n2[C@H]2CC[C@H](OC)CC2)cc1Cl,6.38,1,0.0,6.38,6.38,2024,2024,1,1,O=C1CCC(c2nc3cc(-c4cnoc4)ccc3n2C2CCCCC2)N1c1ccccc1,0.0
COc1ccc(N2C(=O)[C@@H](F)C[C@H]2c2nc3cc(-c4c(C)noc4C)ccc3n2[C@H]2CC[C@H](OC)CC2)cc1F,6.64,1,0.0,6.64,6.64,2024,2024,1,1,O=C1CCC(c2nc3cc(-c4cnoc4)ccc3n2C2CCCCC2)N1c1ccccc1,0.0
COc1cccc(-c2cc3c(cc2NS(=O)(=O)c2ccccc2OC)C(=C(C)C)C(=O)N3)c1,6.73,2,0.21213203435596445,6.58,6.88,2024,2024,1,2,C=C1C(=O)Nc2cc(-c3ccccc3)c(NS(=O)(=O)c3ccccc3)cc21,0.2999999999999998
COc1cccc(NC(=O)CCCOc2cc(=O)n(C)c3ccccc23)c1,6.2,1,0.0,6.2,6.2,2024,2024,1,1,O=C(CCCOc1cc(=O)[nH]c2ccccc12)Nc1ccccc1,0.0
COc1ccccc1S(=O)(=O)Nc1cc2c(c(-c3ccccc3)c1)NC(=O)C2=C(C)C,6.62,2,0.24041630560342606,6.45,6.79,2024,2024,1,2,C=C1C(=O)Nc2c1cc(NS(=O)(=O)c1ccccc1)cc2-c1ccccc1,0.33999999999999986
COc1ccccc1S(=O)(=O)Nc1cc2c(c(-c3cccnc3)c1)NC(=O)C2=C(C)C,6.955,2,0.2050609665440985,6.81,7.1,2024,2024,1,2,C=C1C(=O)Nc2c1cc(NS(=O)(=O)c1ccccc1)cc2-c1cccnc1,0.29000000000000004
COc1ccccc1S(=O)(=O)Nc1cc2c(c(-c3cnn(C)c3)c1)NC(=O)C2=C(C)C,7.705,2,0.5020458146424494,7.35,8.06,2024,2024,1,2,C=C1C(=O)Nc2c1cc(NS(=O)(=O)c1ccccc1)cc2-c1cn[nH]c1,0.7100000000000009
COc1ccccc1S(=O)(=O)Nc1cc2c(cc1-c1c(C)nn(C)c1C)NC(=O)C2=C(C)C,6.43,2,0.49497474683058307,6.08,6.78,2024,2024,1,2,C=C1C(=O)Nc2cc(-c3cn[nH]c3)c(NS(=O)(=O)c3ccccc3)cc21,0.7000000000000002
COc1ccccc1S(=O)(=O)Nc1cc2c(cc1-c1ccc(C)o1)NC(=O)C2=C(C)C,6.890000000000001,2,0.395979797464466,6.61,7.17,2024,2024,1,2,C=C1C(=O)Nc2cc(-c3ccco3)c(NS(=O)(=O)c3ccccc3)cc21,0.5599999999999996
COc1ccccc1S(=O)(=O)Nc1cc2c(cc1-c1ccccc1)NC(=O)C2=C(C)C,6.945,2,0.13435028842544464,6.85,7.04,2024,2024,1,2,C=C1C(=O)Nc2cc(-c3ccccc3)c(NS(=O)(=O)c3ccccc3)cc21,0.1900000000000004
COc1ccccc1S(=O)(=O)Nc1cc2c(cc1-c1cccnc1)NC(=O)C2=C(C)C,6.76,2,0.4242640687119283,6.46,7.06,2024,2024,1,2,C=C1C(=O)Nc2cc(-c3cccnc3)c(NS(=O)(=O)c3ccccc3)cc21,0.5999999999999996
COc1ccccc1S(=O)(=O)Nc1cc2c(cc1-c1ccco1)NC(=O)C2=C(C)C,6.925,2,0.1343502884254437,6.83,7.02,2024,2024,1,2,C=C1C(=O)Nc2cc(-c3ccco3)c(NS(=O)(=O)c3ccccc3)cc21,0.1899999999999995
COc1ccccc1S(=O)(=O)Nc1cc2c(cc1-c1ccnn1C)NC(=O)C2=C(C)C,6.890000000000001,2,0.6646803743153553,6.42,7.36,2024,2024,1,2,C=C1C(=O)Nc2cc(-c3ccn[nH]3)c(NS(=O)(=O)c3ccccc3)cc21,0.9400000000000004
COc1ccccc1S(=O)(=O)Nc1cc2c(cc1-c1ccoc1)NC(=O)C2=C(C)C,6.765000000000001,2,0.261629509039023,6.58,6.95,2024,2024,1,2,C=C1C(=O)Nc2cc(-c3ccoc3)c(NS(=O)(=O)c3ccccc3)cc21,0.3700000000000001
COc1ccccc1S(=O)(=O)Nc1cc2c(cc1-c1cn(C)nc1C)NC(=O)C2=C(C)C,6.965,2,0.5586143571373723,6.57,7.36,2024,2024,1,2,C=C1C(=O)Nc2cc(-c3cn[nH]c3)c(NS(=O)(=O)c3ccccc3)cc21,0.79
COc1ccccc1S(=O)(=O)Nc1cc2c(cc1-c1cn[nH]c1)NC(=O)C2=C(C)C,6.984999999999999,2,0.516187950266179,6.62,7.35,2024,2024,1,2,C=C1C(=O)Nc2cc(-c3cn[nH]c3)c(NS(=O)(=O)c3ccccc3)cc21,0.7299999999999995
COc1ccccc1S(=O)(=O)Nc1cc2c(cc1-c1cnc(N)nc1)NC(=O)C2=C(C)C,6.75,2,0.9475230867899735,6.08,7.42,2024,2024,1,2,C=C1C(=O)Nc2cc(-c3cncnc3)c(NS(=O)(=O)c3ccccc3)cc21,1.3399999999999999
COc1ccccc1S(=O)(=O)Nc1cc2c(cc1-c1cncnc1)NC(=O)C2=C(C)C,6.57,2,0.6788225099390859,6.09,7.05,2024,2024,1,2,C=C1C(=O)Nc2cc(-c3cncnc3)c(NS(=O)(=O)c3ccccc3)cc21,0.96
COc1ccccc1S(=O)(=O)Nc1cc2c(cc1-c1cnn(C(C)C)c1)NC(=O)C2=C(C)C,6.635,2,0.3889087296526007,6.36,6.91,2024,2024,1,2,C=C1C(=O)Nc2cc(-c3cn[nH]c3)c(NS(=O)(=O)c3ccccc3)cc21,0.5499999999999998
COc1ccccc1S(=O)(=O)Nc1cc2c(cc1-c1cnn(C)c1)NC(=O)C2=C(C)C,6.87,2,0.31112698372208053,6.65,7.09,2024,2024,1,2,C=C1C(=O)Nc2cc(-c3cn[nH]c3)c(NS(=O)(=O)c3ccccc3)cc21,0.4399999999999995
COc1ccccc1S(=O)(=O)Nc1cc2c(cc1-c1cnn(Cc3ccccc3)c1)NC(=O)C2=C(C)C,6.315,2,0.4737615433949868,5.98,6.65,2024,2024,1,2,C=C1C(=O)Nc2cc(-c3cnn(Cc4ccccc4)c3)c(NS(=O)(=O)c3ccccc3)cc21,0.6699999999999999
COc1ccccc1S(=O)(=O)Nc1cc2c(cc1N1CCN(C)CC1)NC(=O)C2=C(C)C,6.945,2,0.6293250352560273,6.5,7.39,2024,2024,1,2,C=C1C(=O)Nc2cc(N3CCNCC3)c(NS(=O)(=O)c3ccccc3)cc21,0.8899999999999997
COc1ccccc1S(=O)(=O)Nc1cc2c(cc1N1CCOCC1)NC(=O)C2=C(C)C,7.3,2,0.2969848480983499,7.09,7.51,2024,2024,1,2,C=C1C(=O)Nc2cc(N3CCOCC3)c(NS(=O)(=O)c3ccccc3)cc21,0.41999999999999993
COc1ccccc1S(=O)(=O)Nc1cc2c(cc1NC(=O)C1CC1)NC(=O)C2=C(C)C,7.029999999999999,2,0.042426406871192264,7.0,7.06,2024,2024,1,2,C=C1C(=O)Nc2cc(NC(=O)C3CC3)c(NS(=O)(=O)c3ccccc3)cc21,0.05999999999999961
COc1ccccc1S(=O)(=O)Nc1cc2c(cc1NC(=O)N1CCN(C)CC1)NC(=O)C2=C(C)C,7.09,2,0.16970562748477155,6.97,7.21,2024,2024,1,2,C=C1C(=O)Nc2cc(NC(=O)N3CCNCC3)c(NS(=O)(=O)c3ccccc3)cc21,0.2400000000000002
COc1ccccc1S(=O)(=O)Nc1cc2c(cc1NC(=O)N1CCOCC1)NC(=O)C2=C(C)C,6.675,2,0.19091883092036754,6.54,6.81,2024,2024,1,2,C=C1C(=O)Nc2cc(NC(=O)N3CCOCC3)c(NS(=O)(=O)c3ccccc3)cc21,0.2699999999999996
COc1ncc(N2C(=O)[C@@H](F)C[C@H]2c2nc3cc(-c4c(C)noc4C)ccc3n2[C@H]2CC[C@H](OC)CC2)cc1Cl,6.62,1,0.0,6.62,6.62,2024,2024,1,1,O=C1CCC(c2nc3cc(-c4cnoc4)ccc3n2C2CCCCC2)N1c1cccnc1,0.0
CSc1ccc([C@@H]2NC(=O)c3sc4nc(C5CC5)cc(-c5ccccc5)c4c3N2)cc1,5.01,1,0.0,5.01,5.01,2024,2024,1,1,O=C1NC(c2ccccc2)Nc2c1sc1nc(C3CC3)cc(-c3ccccc3)c21,0.0
C[C@@H]1CN(S(C)(=O)=O)CCN1Cc1cc2c(=O)n(C)cc(-c3cc(Cl)nn3CC3CCOCC3)c2o1,6.75,1,0.0,6.75,6.75,2024,2024,1,1,O=c1[nH]cc(-c2ccnn2CC2CCOCC2)c2oc(CN3CCNCC3)cc12,0.0
C[C@@H]1CN(S(C)(=O)=O)CCN1Cc1cc2c(=O)n(C)cc(-c3cc(NS(C)(=O)=O)ccc3OCC3CC3)c2o1,7.96,1,0.0,7.96,7.96,2024,2024,1,1,O=c1[nH]cc(-c2ccccc2OCC2CC2)c2oc(CN3CCNCC3)cc12,0.0
C[C@@H]1CN(S(C)(=O)=O)CCN1Cc1cc2c(=O)n(C)cc(-c3cccc(CS(C)(=O)=O)c3)c2o1,7.82,1,0.0,7.82,7.82,2024,2024,1,1,O=c1[nH]cc(-c2ccccc2)c2oc(CN3CCNCC3)cc12,0.0
C[C@@H]1CN(S(C)(=O)=O)CCN1Cc1cc2c(=O)n(C)cc(-c3cccc(NS(C)(=O)=O)c3)c2o1,7.57,1,0.0,7.57,7.57,2024,2024,1,1,O=c1[nH]cc(-c2ccccc2)c2oc(CN3CCNCC3)cc12,0.0
C[C@@H]1CN(S(C)(=O)=O)CCN1Cc1cc2c(=O)n(C)cc(-c3ccccc3OCC3CC3)c2o1,6.92,3,0.6965629906907198,6.58,7.92,2024,2024,2,3,O=c1[nH]cc(-c2ccccc2OCC2CC2)c2oc(CN3CCNCC3)cc12,1.3399999999999999
C[C@@H]1CN(S(C)(=O)=O)CCN1Cc1cc2c(=O)n(C)cc(-c3nc(Cl)c(Cl)n3CC3CCOCC3)c2o1,6.82,1,0.0,6.82,6.82,2024,2024,1,1,O=c1[nH]cc(-c2nccn2CC2CCOCC2)c2oc(CN3CCNCC3)cc12,0.0
C[C@@H]1CN(S(C)(=O)=O)CCN1Cc1cc2c(=O)n(C)cc(-c3nc(Cl)cn3CC3CCOCC3)c2o1,7.28,1,0.0,7.28,7.28,2024,2024,1,1,O=c1[nH]cc(-c2nccn2CC2CCOCC2)c2oc(CN3CCNCC3)cc12,0.0
C[C@@H]1CN(S(C)(=O)=O)CCN1Cc1cc2c(=O)n(C)cc(-c3nccnc3OCC3CC3)c2o1,7.75,1,0.0,7.75,7.75,2024,2024,1,1,O=c1[nH]cc(-c2nccnc2OCC2CC2)c2oc(CN3CCNCC3)cc12,0.0
Cc1c(-c2ccnc(Nc3cc(F)c4c(c3)N(C(C)C)[C@H](C)C(=O)N4C)n2)c(C2CC2)nn1C,6.8,1,0.0,6.8,6.8,2025,2025,1,1,O=C1CNc2cc(Nc3nccc(-c4c[nH]nc4C4CC4)n3)ccc2N1,0.0
Cc1c(-c2ccnc(Nc3ccc4c(c3)N(C(C)C)[C@H](C)C(=O)N4C)n2)c(C2CC2)nn1C,7.68,1,0.0,7.68,7.68,2025,2025,1,1,O=C1CNc2cc(Nc3nccc(-c4c[nH]nc4C4CC4)n3)ccc2N1,0.0
Cc1c(-c2ccnc(Nc3ccc4c(c3)N(C(C)C)[C@H](C)C(=O)N4C)n2)cnn1C,7.04,1,0.0,7.04,7.04,2025,2025,1,1,O=C1CNc2cc(Nc3nccc(-c4cn[nH]c4)n3)ccc2N1,0.0
Cc1c(-c2ccnc(Nc3ccc4c(c3)N(C3CCC3)[C@H](C)C(=O)N4C)n2)c(C2CC2)nn1C,7.92,1,0.0,7.92,7.92,2025,2025,1,1,O=C1CN(C2CCC2)c2cc(Nc3nccc(-c4c[nH]nc4C4CC4)n3)ccc2N1,0.0
Cc1c(-c2ccnc(Nc3ccc4c(c3)N(C3CCCC3)[C@H](C)C(=O)N4C)n2)c(C2CC2)nn1C,7.96,1,0.0,7.96,7.96,2025,2025,1,1,O=C1CN(C2CCCC2)c2cc(Nc3nccc(-c4c[nH]nc4C4CC4)n3)ccc2N1,0.0
Cc1c(-c2ccnc(Nc3ccc4c(n3)N(C(C)C)[C@H](C)C(=O)N4C)n2)c(C2CC2)nn1C,7.33,1,0.0,7.33,7.33,2025,2025,1,1,O=C1CNc2nc(Nc3nccc(-c4c[nH]nc4C4CC4)n3)ccc2N1,0.0
Cc1c(-c2nc(Nc3ccc4c(c3)N(C(C)C)[C@H](C)C(=O)N4C)ncc2Cl)c(C2CC2)nn1C,7.8,1,0.0,7.8,7.8,2025,2025,1,1,O=C1CNc2cc(Nc3nccc(-c4c[nH]nc4C4CC4)n3)ccc2N1,0.0
Cc1c(-c2nc(Nc3ccc4c(c3)N(C(C)C)[C@H](C)C(=O)N4C)ncc2F)c(C2CC2)nn1C,7.85,1,0.0,7.85,7.85,2025,2025,1,1,O=C1CNc2cc(Nc3nccc(-c4c[nH]nc4C4CC4)n3)ccc2N1,0.0
Cc1c(-c2nc(Nc3ccc4c(c3)N(C(C)C)[C@H](C)C(=O)N4C)ncc2F)c(C2CCC2)nn1C,7.96,1,0.0,7.96,7.96,2025,2025,1,1,O=C1CNc2cc(Nc3nccc(-c4c[nH]nc4C4CCC4)n3)ccc2N1,0.0
Cc1c(-c2nc(Nc3ccc4c(c3)N(C(C)C)[C@H](C)C(=O)N4C)ncc2F)c(C2CCCC2)nn1C,8.0,1,0.0,8.0,8.0,2025,2025,1,1,O=C1CNc2cc(Nc3nccc(-c4c[nH]nc4C4CCCC4)n3)ccc2N1,0.0
Cc1cc(-c2ccc3nc(-c4cc(C)c(=O)n(C)c4)n(Cc4ccccc4)c3c2)cn(C)c1=O,8.2,1,0.0,8.2,8.2,2024,2024,1,1,O=c1ccc(-c2ccc3nc(-c4ccc(=O)[nH]c4)n(Cc4ccccc4)c3c2)c[nH]1,0.0
Cc1cc(-c2ccc3nc(C(C)C)n(Cc4ccccc4)c3c2)cn(C)c1=O,7.8,1,0.0,7.8,7.8,2024,2024,1,1,O=c1ccc(-c2ccc3ncn(Cc4ccccc4)c3c2)c[nH]1,0.0
Cc1cc(-c2ccc3nc(C(F)(F)F)n(Cc4ccccc4)c3c2)cn(C)c1=O,7.68,1,0.0,7.68,7.68,2024,2024,1,1,O=c1ccc(-c2ccc3ncn(Cc4ccccc4)c3c2)c[nH]1,0.0
Cc1cc(-c2ccc3nc(C)n(Cc4ccccc4)c3c2)cn(C)c1=O,7.68,1,0.0,7.68,7.68,2024,2024,1,1,O=c1ccc(-c2ccc3ncn(Cc4ccccc4)c3c2)c[nH]1,0.0
Cc1cc(-c2ccc3nc(C4CCOCC4)n(Cc4ccccc4)c3c2)cn(C)c1=O,7.8,1,0.0,7.8,7.8,2024,2024,1,1,O=c1ccc(-c2ccc3nc(C4CCOCC4)n(Cc4ccccc4)c3c2)c[nH]1,0.0
Cc1cc(-c2ccc3nc(N4CCCCC4)n(Cc4ccccc4)c3c2)cn(C)c1=O,7.42,1,0.0,7.42,7.42,2024,2024,1,1,O=c1ccc(-c2ccc3nc(N4CCCCC4)n(Cc4ccccc4)c3c2)c[nH]1,0.0
Cc1cc(-c2ccc3nc(N4CCOCC4)n(Cc4ccccc4)c3c2)cn(C)c1=O,7.89,1,0.0,7.89,7.89,2024,2024,1,1,O=c1ccc(-c2ccc3nc(N4CCOCC4)n(Cc4ccccc4)c3c2)c[nH]1,0.0
Cc1cc(-c2ccnc(Nc3ccc4c(c3)N(C(C)C)[C@H](C)C(=O)N4C)n2)n(C)n1,7.14,1,0.0,7.14,7.14,2025,2025,1,1,O=C1CNc2cc(Nc3nccc(-c4ccn[nH]4)n3)ccc2N1,0.0
Cc1cc(-c2nc(-c3ccccc3)cn2Cc2ccccc2)cn(C)c1=O,7.050000000000001,2,0.49497474683058373,6.7,7.4,2024,2024,1,2,O=c1ccc(-c2nc(-c3ccccc3)cn2Cc2ccccc2)c[nH]1,0.7000000000000002
Cc1cc(-c2nc(Br)cn2Cc2ccccc2)cn(C)c1=O,7.05,2,0.636396103067893,6.6,7.5,2024,2024,1,2,O=c1ccc(-c2nccn2Cc2ccccc2)c[nH]1,0.9000000000000004
Cc1cc(-c2nc(C#N)cn2Cc2ccccc2)cn(C)c1=O,6.7,2,0.7071067811865476,6.2,7.2,2024,2024,1,2,O=c1ccc(-c2nccn2Cc2ccccc2)c[nH]1,1.0
Cc1cc(-c2nc(C(=O)N(C)C)cn2Cc2ccccc2)cn(C)c1=O,5.55,2,0.0707106781186545,5.5,5.6,2024,2024,1,2,O=c1ccc(-c2nccn2Cc2ccccc2)c[nH]1,0.09999999999999964
Cc1cc(-c2nc(C(=O)NCC3CCN(C)CC3)cn2Cc2ccccc2)cn(C)c1=O,6.0,2,0.141421356237309,5.9,6.1,2024,2024,1,2,O=C(NCC1CCNCC1)c1cn(Cc2ccccc2)c(-c2ccc(=O)[nH]c2)n1,0.1999999999999993
Cc1cc(-c2nc(C(=O)O)cn2Cc2ccccc2)cn(C)c1=O,5.7,2,0.4242640687119283,5.4,6.0,2024,2024,1,2,O=c1ccc(-c2nccn2Cc2ccccc2)c[nH]1,0.5999999999999996
Cc1cc(-c2nc(C(N)=O)cn2Cc2ccccc2)cn(C)c1=O,6.6,2,0.42426406871192857,6.3,6.9,2024,2024,1,2,O=c1ccc(-c2nccn2Cc2ccccc2)c[nH]1,0.6000000000000005
Cc1cc(-c2nc(Cl)cn2CC2CCOCC2)cn(C)c1=O,6.5,2,0.8485281374238566,5.9,7.1,2024,2024,1,2,O=c1ccc(-c2nccn2CC2CCOCC2)c[nH]1,1.1999999999999993
Cc1cc(-c2nc(Cl)cn2C[C@@H]2CCCOC2)cn(C)c1=O,6.9,2,0.9899494936611665,6.2,7.6,2024,2024,1,2,O=c1ccc(-c2nccn2CC2CCCOC2)c[nH]1,1.3999999999999995
Cc1cc(-c2nc(Cl)cn2C[C@H]2CCCOC2)cn(C)c1=O,6.6,2,0.8485281374238568,6.0,7.2,2024,2024,1,2,O=c1ccc(-c2nccn2CC2CCCOC2)c[nH]1,1.2000000000000002
Cc1cc(-c2nc(Cl)cn2Cc2ccccc2)cn(C)c1=O,7.05,2,0.636396103067893,6.6,7.5,2024,2024,1,2,O=c1ccc(-c2nccn2Cc2ccccc2)c[nH]1,0.9000000000000004
Cc1cc(-c2nc3ccc(-c4cc(C)c(=O)n(C)c4)c(Oc4ccccc4)c3[nH]2)cn(C)c1=O,9.1,1,0.0,9.1,9.1,2024,2024,1,1,O=c1ccc(-c2nc3ccc(-c4ccc(=O)[nH]c4)c(Oc4ccccc4)c3[nH]2)c[nH]1,0.0
Cc1cc(-c2nc3ccc(-c4ccc(=O)n(C)c4)cc3[nH]2)cn(C)c1=O,8.43,1,0.0,8.43,8.43,2024,2024,1,1,O=c1ccc(-c2ccc3nc(-c4ccc(=O)[nH]c4)[nH]c3c2)c[nH]1,0.0
Cc1cc(-c2ncc(Cl)n2Cc2ccccc2)cn(C)c1=O,6.15,2,0.21213203435596445,6.0,6.3,2024,2024,1,2,O=c1ccc(-c2nccn2Cc2ccccc2)c[nH]1,0.2999999999999998
Cc1cc(-c2ncc[nH]2)cn(C)c1=O,4.85,2,0.49497474683058307,4.5,5.2,2024,2024,1,2,O=c1ccc(-c2ncc[nH]2)c[nH]1,0.7000000000000002
Cc1cc(-c2nccn2C(C)c2ccccc2)cn(C)c1=O,6.5,2,0.2828427124746193,6.3,6.7,2024,2024,1,2,O=c1ccc(-c2nccn2Cc2ccccc2)c[nH]1,0.40000000000000036
Cc1cc(-c2nccn2CC(C)C)cn(C)c1=O,5.6,2,0.42426406871192857,5.3,5.9,2024,2024,1,2,O=c1ccc(-c2ncc[nH]2)c[nH]1,0.6000000000000005
Cc1cc(-c2nccn2CC2CCCCO2)cn(C)c1=O,6.15,2,0.3535533905932738,5.9,6.4,2024,2024,1,2,O=c1ccc(-c2nccn2CC2CCCCO2)c[nH]1,0.5
Cc1cc(-c2nccn2CC2CCCOC2)cn(C)c1=O,6.300000000000001,2,0.5656854249492382,5.9,6.7,2024,2024,1,2,O=c1ccc(-c2nccn2CC2CCCOC2)c[nH]1,0.7999999999999998
Cc1cc(-c2nccn2CC2CCNCC2)cn(C)c1=O,5.4,2,0.5656854249492382,5.0,5.8,2024,2024,1,2,O=c1ccc(-c2nccn2CC2CCNCC2)c[nH]1,0.7999999999999998
Cc1cc(-c2nccn2CC2CCOCC2)cn(C)c1=O,6.0,2,0.5656854249492386,5.6,6.4,2024,2024,1,2,O=c1ccc(-c2nccn2CC2CCOCC2)c[nH]1,0.8000000000000007
Cc1cc(-c2nccn2Cc2ccc(C#N)nc2)cn(C)c1=O,5.300000000000001,2,0.5656854249492382,4.9,5.7,2024,2024,1,2,O=c1ccc(-c2nccn2Cc2cccnc2)c[nH]1,0.7999999999999998
Cc1cc(-c2nccn2Cc2ccc(Cl)cc2)cn(C)c1=O,6.550000000000001,2,0.49497474683058373,6.2,6.9,2024,2024,1,2,O=c1ccc(-c2nccn2Cc2ccccc2)c[nH]1,0.7000000000000002
Cc1cc(-c2nccn2Cc2cccc(Cl)c2)cn(C)c1=O,6.25,2,0.21213203435596475,6.1,6.4,2024,2024,1,2,O=c1ccc(-c2nccn2Cc2ccccc2)c[nH]1,0.3000000000000007
Cc1cc(-c2nccn2Cc2ccccc2)cn(C)c1=O,6.35,2,0.2121320343559638,6.2,6.5,2024,2024,1,2,O=c1ccc(-c2nccn2Cc2ccccc2)c[nH]1,0.2999999999999998
Cc1cc(-c2nccn2Cc2ccccc2Cl)cn(C)c1=O,6.4,2,0.28284271247461895,6.2,6.6,2024,2024,1,2,O=c1ccc(-c2nccn2Cc2ccccc2)c[nH]1,0.39999999999999947
Cc1cc(-c2nccn2Cc2cccnn2)cn(C)c1=O,5.35,2,0.6363961030678921,4.9,5.8,2024,2024,1,2,O=c1ccc(-c2nccn2Cc2cccnn2)c[nH]1,0.8999999999999995
Cc1cc(-c2nccn2Cc2ccn(C)n2)cn(C)c1=O,5.45,2,0.3535533905932738,5.2,5.7,2024,2024,1,2,O=c1ccc(-c2nccn2Cc2cc[nH]n2)c[nH]1,0.5
Cc1cc(-c2nccn2Cc2cncnc2)cn(C)c1=O,5.05,2,0.636396103067893,4.6,5.5,2024,2024,1,2,O=c1ccc(-c2nccn2Cc2cncnc2)c[nH]1,0.9000000000000004
Cc1cc(-c2nccn2Cc2ncccn2)cn(C)c1=O,5.3,2,0.4242640687119283,5.0,5.6,2024,2024,1,2,O=c1ccc(-c2nccn2Cc2ncccn2)c[nH]1,0.5999999999999996
Cc1cc(Br)ccc1NC(=O)COc1cc(=O)n(C)c2ccccc12,5.03,1,0.0,5.03,5.03,2024,2024,1,1,O=C(COc1cc(=O)[nH]c2ccccc12)Nc1ccccc1,0.0
Cc1cc(F)cc(C)c1Oc1ccc(C(C)(C)O)cc1-c1cn(C)c(=O)cc1NC(=O)N1CCOCC1,6.47,1,0.0,6.47,6.47,2024,2024,1,1,O=C(Nc1cc(=O)[nH]cc1-c1ccccc1Oc1ccccc1)N1CCOCC1,0.0
Cc1cc(Nc2ccnc(Nc3ccc4c(c3)N(C(C)C)[C@H](C)C(=O)N4C)n2)n(-c2ccccc2)n1,7.26,1,0.0,7.26,7.26,2025,2025,1,1,O=C1CNc2cc(Nc3nccc(Nc4ccnn4-c4ccccc4)n3)ccc2N1,0.0
Cc1cc(Nc2ccnc(Nc3ccc4c(c3)N(C(C)C)[C@H](C)C(=O)N4C)n2)n(C(C)(C)C)n1,7.13,1,0.0,7.13,7.13,2025,2025,1,1,O=C1CNc2cc(Nc3nccc(Nc4ccn[nH]4)n3)ccc2N1,0.0
Cc1cc(Nc2ccnc(Nc3ccc4c(c3)N(C(C)C)[C@H](C)C(=O)N4C)n2)n(C(C)C)n1,7.11,1,0.0,7.11,7.11,2025,2025,1,1,O=C1CNc2cc(Nc3nccc(Nc4ccn[nH]4)n3)ccc2N1,0.0
Cc1cc(Nc2ccnc(Nc3ccc4c(c3)N(C(C)C)[C@H](C)C(=O)N4C)n2)n(C)n1,6.37,1,0.0,6.37,6.37,2025,2025,1,1,O=C1CNc2cc(Nc3nccc(Nc4ccn[nH]4)n3)ccc2N1,0.0
Cc1cc(OCc2ccc(F)cc2)c2c(C)c(C)c(=O)oc2c1,5.53,1,0.0,5.53,5.53,2024,2024,1,1,O=c1ccc2c(OCc3ccccc3)cccc2o1,0.0
Cc1cc2c(-c3ccco3)cnc(N[C@@H]3CCN(C)C[C@H]3C(=O)NC3CCCCC3)c2[nH]c1=O,7.11,1,0.0,7.11,7.11,2024,2024,1,1,O=C(NC1CCCCC1)C1CNCCC1Nc1ncc(-c2ccco2)c2ccc(=O)[nH]c12,0.0
Cc1ccc(NC(=O)CCCOc2cc(=O)n(C)c3ccccc23)c(Br)c1,5.93,1,0.0,5.93,5.93,2024,2024,1,1,O=C(CCCOc1cc(=O)[nH]c2ccccc12)Nc1ccccc1,0.0
Cc1ccc(NC(=O)COc2cc(=O)n(C)c3ccccc23)c(Br)c1,5.22,1,0.0,5.22,5.22,2024,2024,1,1,O=C(COc1cc(=O)[nH]c2ccccc12)Nc1ccccc1,0.0
Cc1ccc(NC(=O)COc2cc(=O)n(C)c3ccccc23)cc1F,5.04,1,0.0,5.04,5.04,2024,2024,1,1,O=C(COc1cc(=O)[nH]c2ccccc12)Nc1ccccc1,0.0
Cc1cccc(Cn2ccnc2-c2cc(C)c(=O)n(C)c2)n1,5.35,2,0.6363961030678921,4.9,5.8,2024,2024,1,2,O=c1ccc(-c2nccn2Cc2ccccn2)c[nH]1,0.8999999999999995
Cc1cn(Cc2ccccc2)c(-c2cc(C)c(=O)n(C)c2)n1,6.75,2,0.49497474683058273,6.4,7.1,2024,2024,1,2,O=c1ccc(-c2nccn2Cc2ccccc2)c[nH]1,0.6999999999999993
Cc1cnc(Nc2ccc3c(c2)N(C(C)C)[C@H](C)C(=O)N3C)nc1-c1c(C2CC2)nn(C)c1C,8.03,1,0.0,8.03,8.03,2025,2025,1,1,O=C1CNc2cc(Nc3nccc(-c4c[nH]nc4C4CC4)n3)ccc2N1,0.0
Cc1cnn(C)c1-c1ccnc(Nc2ccc3c(c2)N(C(C)C)[C@H](C)C(=O)N3C)n1,7.34,1,0.0,7.34,7.34,2025,2025,1,1,O=C1CNc2cc(Nc3nccc(-c4ccn[nH]4)n3)ccc2N1,0.0
Cc1csc(-c2ccc(CNC(=O)[C@@H]3C[C@@H](O)CN3C(=O)[C@@H](NC(=O)CCCCCCCCNC(=O)CN3CCN(CCn4c(CCc5ccc(OCCCN(C)C)cc5)nc5cc(-c6c(C)noc6C)ccc54)CC3)C(C)(C)C)cc2)n1,6.88,1,0.0,6.88,6.88,2025,2025,1,1,O=C(CCCCCCCCNC(=O)CN1CCN(CCn2c(CCc3ccccc3)nc3cc(-c4cnoc4)ccc32)CC1)NCC(=O)N1CCCC1C(=O)NCc1ccc(-c2nccs2)cc1,0.0
Cc1csc(-c2ccc(CNC(=O)[C@@H]3C[C@@H](O)CN3C(=O)[C@@H](NC(=O)CCCCCCNC(=O)CN3CCN(CCn4c(CCc5ccc(OCCCN(C)C)cc5)nc5cc(-c6c(C)noc6C)ccc54)CC3)C(C)(C)C)cc2)n1,7.0,1,0.0,7.0,7.0,2025,2025,1,1,O=C(CCCCCCNC(=O)CN1CCN(CCn2c(CCc3ccccc3)nc3cc(-c4cnoc4)ccc32)CC1)NCC(=O)N1CCCC1C(=O)NCc1ccc(-c2nccs2)cc1,0.0
Cc1csc(-c2ccc(CNC(=O)[C@@H]3C[C@@H](O)CN3C(=O)[C@@H](NC(=O)CCCCNC(=O)CN3CCN(CCn4c(CCc5ccc(OCCCN(C)C)cc5)nc5cc(-c6c(C)noc6C)ccc54)CC3)C(C)(C)C)cc2)n1,6.88,1,0.0,6.88,6.88,2025,2025,1,1,O=C(CCCCNC(=O)CN1CCN(CCn2c(CCc3ccccc3)nc3cc(-c4cnoc4)ccc32)CC1)NCC(=O)N1CCCC1C(=O)NCc1ccc(-c2nccs2)cc1,0.0
Cc1csc(-c2ccc(CNC(=O)[C@@H]3C[C@@H](O)CN3C(=O)[C@@H](NC(=O)CCNC(=O)CN3CCN(CCn4c(CCc5ccc(OCCCN(C)C)cc5)nc5cc(-c6c(C)noc6C)ccc54)CC3)C(C)(C)C)cc2)n1,6.79,1,0.0,6.79,6.79,2025,2025,1,1,O=C(CCNC(=O)CN1CCN(CCn2c(CCc3ccccc3)nc3cc(-c4cnoc4)ccc32)CC1)NCC(=O)N1CCCC1C(=O)NCc1ccc(-c2nccs2)cc1,0.0
Cc1n[nH]c(C)c1-c1ccnc(Nc2ccc3c(c2)N(C(C)C)[C@H](C)C(=O)N3C)n1,7.03,1,0.0,7.03,7.03,2025,2025,1,1,O=C1CNc2cc(Nc3nccc(-c4cn[nH]c4)n3)ccc2N1,0.0
Cc1n[nH]c(C2CC2)c1-c1ccnc(Nc2ccc3c(c2)N(C(C)C)[C@H](C)C(=O)N3C)n1,7.51,1,0.0,7.51,7.51,2025,2025,1,1,O=C1CNc2cc(Nc3nccc(-c4cn[nH]c4C4CC4)n3)ccc2N1,0.0
Cc1n[nH]c(C2CCC2)c1-c1ccnc(Nc2ccc3c(c2)N(C(C)C)[C@H](C)C(=O)N3C)n1,7.7,1,0.0,7.7,7.7,2025,2025,1,1,O=C1CNc2cc(Nc3nccc(-c4cn[nH]c4C4CCC4)n3)ccc2N1,0.0
Cc1n[nH]cc1-c1ccnc(Nc2ccc3c(c2)N(C(C)C)[C@H](C)C(=O)N3C)n1,6.73,1,0.0,6.73,6.73,2025,2025,1,1,O=C1CNc2cc(Nc3nccc(-c4cn[nH]c4)n3)ccc2N1,0.0
Cc1nc2ccc(-c3cc(C)c(=O)n(C)c3)cn2c1Cc1ccccc1,7.85,1,0.0,7.85,7.85,2024,2024,1,1,O=c1ccc(-c2ccc3ncc(Cc4ccccc4)n3c2)c[nH]1,0.0
Cc1ncsc1-c1ccc(CNC(=O)[C@@H]2C[C@@H](O)CN2C(=O)[C@@H](NC(=O)COCCOCCOCCNC(=O)CCCOc2ccc(CCc3nc4cc(-c5c(C)noc5C)ccc4n3CCN3CCOCC3)cc2)C(C)(C)C)cc1,5.34,1,0.0,5.34,5.34,2025,2025,1,1,O=C(CCCOc1ccc(CCc2nc3cc(-c4cnoc4)ccc3n2CCN2CCOCC2)cc1)NCCOCCOCCOCC(=O)NCC(=O)N1CCCC1C(=O)NCc1ccc(-c2cncs2)cc1,0.0
Cc1ncsc1-c1ccc(CNC(=O)[C@@H]2C[C@@H](O)CN2C(=O)[C@@H](NC(=O)COCCOCCOCCOCCNC(=O)CCCOc2ccc(CCc3nc4cc(-c5c(C)noc5C)ccc4n3CCN3CCOCC3)cc2)C(C)(C)C)cc1,5.97,1,0.0,5.97,5.97,2025,2025,1,1,O=C(CCCOc1ccc(CCc2nc3cc(-c4cnoc4)ccc3n2CCN2CCOCC2)cc1)NCCOCCOCCOCCOCC(=O)NCC(=O)N1CCCC1C(=O)NCc1ccc(-c2cncs2)cc1,0.0
Cc1nn(-c2ccccc2)cc1-c1ccnc(Nc2ccc3c(c2)N(C(C)C)[C@H](C)C(=O)N3C)n1,6.06,1,0.0,6.06,6.06,2025,2025,1,1,O=C1CNc2cc(Nc3nccc(-c4cnn(-c5ccccc5)c4)n3)ccc2N1,0.0
Cc1nn(C(C)C)cc1-c1ccnc(Nc2ccc3c(c2)N(C(C)C)[C@H](C)C(=O)N3C)n1,6.84,1,0.0,6.84,6.84,2025,2025,1,1,O=C1CNc2cc(Nc3nccc(-c4cn[nH]c4)n3)ccc2N1,0.0
Cc1nn(C)c(C2CC2)c1-c1ccnc(Nc2ccc3c(c2)N(C(C)C)[C@H](C)C(=O)N3C)n1,7.58,1,0.0,7.58,7.58,2025,2025,1,1,O=C1CNc2cc(Nc3nccc(-c4cn[nH]c4C4CC4)n3)ccc2N1,0.0
Cc1nn(C)cc1-c1ccnc(Nc2ccc3c(c2)N(C(C)C)[C@H](C)C(=O)N3C)n1,6.73,1,0.0,6.73,6.73,2025,2025,1,1,O=C1CNc2cc(Nc3nccc(-c4cn[nH]c4)n3)ccc2N1,0.0
Cc1nnn(C)c1-c1ccc2c3nnc(NCCO)nc3n(C(c3ccccn3)C3CCOCC3)c2c1,7.98,1,0.0,7.98,7.98,2025,2025,1,1,c1ccc(C(C2CCOCC2)n2c3cc(-c4cnn[nH]4)ccc3c3nncnc32)nc1,0.0
Cc1nnn(C)c1-c1ccc2c3nnc(NCCO)nc3n([C@@H](c3ccccn3)C3CCOCC3)c2c1,8.35,1,0.0,8.35,8.35,2025,2025,1,1,c1ccc(C(C2CCOCC2)n2c3cc(-c4cnn[nH]4)ccc3c3nncnc32)nc1,0.0
Cc1nnn(C)c1-c1ccc2c3nnc(NCCO)nc3n([C@H](c3ccccn3)C3CCOCC3)c2c1,8.02,1,0.0,8.02,8.02,2025,2025,1,1,c1ccc(C(C2CCOCC2)n2c3cc(-c4cnn[nH]4)ccc3c3nncnc32)nc1,0.0
Cc1nnn(C)c1-c1cnc2c3ccc(C(C)(C)O)cc3n([C@@H](c3ccccc3)C3CCOCC3)c2c1,8.54,1,0.0,8.54,8.54,2025,2025,1,1,c1ccc(C(C2CCOCC2)n2c3ccccc3c3ncc(-c4cnn[nH]4)cc32)cc1,0.0
Cc1noc(C)c1-c1ccc2c(c1)nc(CCc1ccc(OCCCC(=O)NCCOCCOCCOCCNC(=O)COc3cccc4c3C(=O)N(C3CCC(=O)NC3=O)C4=O)cc1)n2CCN1CCOCC1,5.7,1,0.0,5.7,5.7,2025,2025,1,1,O=C(CCCOc1ccc(CCc2nc3cc(-c4cnoc4)ccc3n2CCN2CCOCC2)cc1)NCCOCCOCCOCCNC(=O)COc1cccc2c1C(=O)N(C1CCC(=O)NC1=O)C2=O,0.0
Cc1noc(C)c1-c1ccc2c(c1)nc(CCc1ccc(OCCCC(=O)NCCOCCOCCOCCOCCNC(=O)COc3cccc4c3C(=O)N(C3CCC(=O)NC3=O)C4=O)cc1)n2CCN1CCOCC1,5.74,1,0.0,5.74,5.74,2025,2025,1,1,O=C(CCCOc1ccc(CCc2nc3cc(-c4cnoc4)ccc3n2CCN2CCOCC2)cc1)NCCOCCOCCOCCOCCNC(=O)COc1cccc2c1C(=O)N(C1CCC(=O)NC1=O)C2=O,0.0
Cc1noc(C)c1-c1ccc2c(c1)nc(CCc1ccc(OCCCN(C)C)cc1)n2CCN1CCN(C(=O)OC(C)(C)C)CC1,5.5,1,0.0,5.5,5.5,2025,2025,1,1,c1ccc(CCc2nc3cc(-c4cnoc4)ccc3n2CCN2CCNCC2)cc1,0.0
Cc1noc(C)c1-c1ccc2c(c1)nc(CCc1ccc(OCCCN(C)C)cc1)n2CCN1CCN(CC(=O)NCCCCCCCCNC(=O)COc2cccc3c2C(=O)N(C2CCC(=O)NC2=O)C3=O)CC1,6.91,1,0.0,6.91,6.91,2025,2025,1,1,O=C(COc1cccc2c1C(=O)N(C1CCC(=O)NC1=O)C2=O)NCCCCCCCCNC(=O)CN1CCN(CCn2c(CCc3ccccc3)nc3cc(-c4cnoc4)ccc32)CC1,0.0
Cc1noc(C)c1-c1ccc2c(c1)nc(CCc1ccc(OCCCN(C)C)cc1)n2CCN1CCN(CC(=O)NCCCCCCCCNc2cccc3c2C(=O)N(C2CCC(=O)NC2=O)C3=O)CC1,7.09,1,0.0,7.09,7.09,2025,2025,1,1,O=C(CN1CCN(CCn2c(CCc3ccccc3)nc3cc(-c4cnoc4)ccc32)CC1)NCCCCCCCCNc1cccc2c1C(=O)N(C1CCC(=O)NC1=O)C2=O,0.0
Cc1noc(C)c1-c1ccc2c(c1)nc(CCc1ccc(OCCCN(C)C)cc1)n2CCN1CCN(CC(=O)NCCCCCCCCOc2cccc3c2C(=O)N(C2CCC(=O)NC2=O)C3=O)CC1,7.06,1,0.0,7.06,7.06,2025,2025,1,1,O=C(CN1CCN(CCn2c(CCc3ccccc3)nc3cc(-c4cnoc4)ccc32)CC1)NCCCCCCCCOc1cccc2c1C(=O)N(C1CCC(=O)NC1=O)C2=O,0.0
Cc1noc(C)c1-c1ccc2c(c1)nc(CCc1ccc(OCCCN(C)C)cc1)n2CCN1CCN(CC(=O)NCCCCCCNC(=O)COc2cccc3c2C(=O)N(C2CCC(=O)NC2=O)C3=O)CC1,6.68,1,0.0,6.68,6.68,2025,2025,1,1,O=C(COc1cccc2c1C(=O)N(C1CCC(=O)NC1=O)C2=O)NCCCCCCNC(=O)CN1CCN(CCn2c(CCc3ccccc3)nc3cc(-c4cnoc4)ccc32)CC1,0.0
Cc1noc(C)c1-c1ccc2c(c1)nc(CCc1ccc(OCCCN(C)C)cc1)n2CCN1CCN(CC(=O)NCCCCCCNc2cccc3c2C(=O)N(C2CCC(=O)NC2=O)C3=O)CC1,7.08,1,0.0,7.08,7.08,2025,2025,1,1,O=C(CN1CCN(CCn2c(CCc3ccccc3)nc3cc(-c4cnoc4)ccc32)CC1)NCCCCCCNc1cccc2c1C(=O)N(C1CCC(=O)NC1=O)C2=O,0.0
Cc1noc(C)c1-c1ccc2c(c1)nc(CCc1ccc(OCCCN(C)C)cc1)n2CCN1CCN(CC(=O)NCCCCCCOc2cccc3c2C(=O)N(C2CCC(=O)NC2=O)C3=O)CC1,6.94,1,0.0,6.94,6.94,2025,2025,1,1,O=C(CN1CCN(CCn2c(CCc3ccccc3)nc3cc(-c4cnoc4)ccc32)CC1)NCCCCCCOc1cccc2c1C(=O)N(C1CCC(=O)NC1=O)C2=O,0.0
Cc1noc(C)c1-c1ccc2c(c1)nc(CCc1ccc(OCCCN(C)C)cc1)n2CCN1CCN(CC(=O)NCCCCNC(=O)COc2cccc3c2C(=O)N(C2CCC(=O)NC2=O)C3=O)CC1,6.96,1,0.0,6.96,6.96,2025,2025,1,1,O=C(COc1cccc2c1C(=O)N(C1CCC(=O)NC1=O)C2=O)NCCCCNC(=O)CN1CCN(CCn2c(CCc3ccccc3)nc3cc(-c4cnoc4)ccc32)CC1,0.0
Cc1noc(C)c1-c1ccc2c(c1)nc(CCc1ccc(OCCCN(C)C)cc1)n2CCN1CCN(CC(=O)NCCCCNc2cccc3c2C(=O)N(C2CCC(=O)NC2=O)C3=O)CC1,6.91,1,0.0,6.91,6.91,2025,2025,1,1,O=C(CN1CCN(CCn2c(CCc3ccccc3)nc3cc(-c4cnoc4)ccc32)CC1)NCCCCNc1cccc2c1C(=O)N(C1CCC(=O)NC1=O)C2=O,0.0
Cc1noc(C)c1-c1ccc2c(c1)nc(CCc1ccc(OCCCN(C)C)cc1)n2CCN1CCN(CC(=O)NCCCCOc2cccc3c2C(=O)N(C2CCC(=O)NC2=O)C3=O)CC1,7.06,1,0.0,7.06,7.06,2025,2025,1,1,O=C(CN1CCN(CCn2c(CCc3ccccc3)nc3cc(-c4cnoc4)ccc32)CC1)NCCCCOc1cccc2c1C(=O)N(C1CCC(=O)NC1=O)C2=O,0.0
Cc1noc(C)c1-c1ccc2c(c1)nc(CCc1ccc(OCCCN(C)C)cc1)n2CCN1CCN(CC(=O)NCCNC(=O)COc2cccc3c2C(=O)N(C2CCC(=O)NC2=O)C3=O)CC1,7.13,1,0.0,7.13,7.13,2025,2025,1,1,O=C(COc1cccc2c1C(=O)N(C1CCC(=O)NC1=O)C2=O)NCCNC(=O)CN1CCN(CCn2c(CCc3ccccc3)nc3cc(-c4cnoc4)ccc32)CC1,0.0
Cc1noc(C)c1-c1ccc2c(c1)nc(CCc1ccc(OCCCN(C)C)cc1)n2CCN1CCN(CC(=O)NCCNc2cccc3c2C(=O)N(C2CCC(=O)NC2=O)C3=O)CC1,6.8,1,0.0,6.8,6.8,2025,2025,1,1,O=C(CN1CCN(CCn2c(CCc3ccccc3)nc3cc(-c4cnoc4)ccc32)CC1)NCCNc1cccc2c1C(=O)N(C1CCC(=O)NC1=O)C2=O,0.0
Cc1noc(C)c1-c1ccc2c(c1)nc(CCc1ccc(OCCCN(C)C)cc1)n2CCN1CCN(CC(=O)NCCOc2cccc3c2C(=O)N(C2CCC(=O)NC2=O)C3=O)CC1,7.19,1,0.0,7.19,7.19,2025,2025,1,1,O=C(CN1CCN(CCn2c(CCc3ccccc3)nc3cc(-c4cnoc4)ccc32)CC1)NCCOc1cccc2c1C(=O)N(C1CCC(=O)NC1=O)C2=O,0.0
Cc1noc(C)c1-c1ccc2c(c1)nc(CCc1ccc(OCCCN(C)C)cc1)n2CCN1CCNCC1,5.3,1,0.0,5.3,5.3,2025,2025,1,1,c1ccc(CCc2nc3cc(-c4cnoc4)ccc3n2CCN2CCNCC2)cc1,0.0
Cc1noc(C)c1-c1ccc2c(c1)nc([C@@H]1C[C@H](F)C(=O)N1c1ccc(F)c(F)c1)n2C1CCOCC1,5.73,1,0.0,5.73,5.73,2024,2024,1,1,O=C1CCC(c2nc3cc(-c4cnoc4)ccc3n2C2CCOCC2)N1c1ccccc1,0.0
Cc1noc(C)c1-c1ccc2c(c1)nc([C@@H]1C[C@H](F)C(=O)N1c1ccc(F)c(F)c1)n2[C@H]1CC[C@H](O)CC1,6.7,1,0.0,6.7,6.7,2024,2024,1,1,O=C1CCC(c2nc3cc(-c4cnoc4)ccc3n2C2CCCCC2)N1c1ccccc1,0.0
Cc1noc(C)c1-c1ccc2c3nnc(NCCO)nc3n(C(c3ccccn3)C3CCNCC3)c2c1,7.29,1,0.0,7.29,7.29,2025,2025,1,1,c1ccc(C(C2CCNCC2)n2c3cc(-c4cnoc4)ccc3c3nncnc32)nc1,0.0
Cc1sc2c(c1C)C(c1ccc(Cl)cc1)=N[C@@H](CC(=O)N1CCC(CCCNC(=O)/C=C/c3cccnc3)CC1)c1nnc(C)n1-2,6.21,1,0.0,6.21,6.21,2024,2024,1,1,O=C(C=Cc1cccnc1)NCCCC1CCN(C(=O)CC2N=C(c3ccccc3)c3ccsc3-n3cnnc32)CC1,0.0
Cc1sc2c(c1C)C(c1ccc(Cl)cc1)=N[C@@H](CC(=O)N1CCC(CCNC(=O)/C=C/c3cccnc3)CC1)c1nnc(C)n1-2,6.75,1,0.0,6.75,6.75,2024,2024,1,1,O=C(C=Cc1cccnc1)NCCC1CCN(C(=O)CC2N=C(c3ccccc3)c3ccsc3-n3cnnc32)CC1,0.0
Cc1sc2c(c1C)C(c1ccc(Cl)cc1)=N[C@@H](CC(=O)N1CCC(CCNC(=O)c3cc4cnccc4[nH]3)CC1)c1nnc(C)n1-2,7.02,1,0.0,7.02,7.02,2024,2024,1,1,O=C(NCCC1CCN(C(=O)CC2N=C(c3ccccc3)c3ccsc3-n3cnnc32)CC1)c1cc2cnccc2[nH]1,0.0
Cc1sc2c(c1C)C(c1ccc(Cl)cc1)=N[C@@H](CC(=O)N1CCC(CNC(=O)/C=C/c3cccnc3)CC1)c1nnc(C)n1-2,6.85,1,0.0,6.85,6.85,2024,2024,1,1,O=C(C=Cc1cccnc1)NCC1CCN(C(=O)CC2N=C(c3ccccc3)c3ccsc3-n3cnnc32)CC1,0.0
Cc1sc2c(c1C)C(c1ccc(Cl)cc1)=N[C@@H](CC(=O)N1CCC(NC(=O)/C=C/c3cccnc3)CC1)c1nnc(C)n1-2,6.56,1,0.0,6.56,6.56,2024,2024,1,1,O=C(C=Cc1cccnc1)NC1CCN(C(=O)CC2N=C(c3ccccc3)c3ccsc3-n3cnnc32)CC1,0.0
Cc1sc2c(c1C)C(c1ccc(Cl)cc1)=N[C@@H](CC(=O)NCCCCCCNC(=O)/C=C/c1cccnc1)c1nnc(C)n1-2,6.82,1,0.0,6.82,6.82,2024,2024,1,1,O=C(C=Cc1cccnc1)NCCCCCCNC(=O)CC1N=C(c2ccccc2)c2ccsc2-n2cnnc21,0.0
Cc1sc2c(c1C)C(c1ccc(Cl)cc1)=N[C@@H](CC(=O)NCCCCCCNC(=O)c1cc3cnccc3[nH]1)c1nnc(C)n1-2,7.23,1,0.0,7.23,7.23,2024,2024,1,1,O=C(CC1N=C(c2ccccc2)c2ccsc2-n2cnnc21)NCCCCCCNC(=O)c1cc2cnccc2[nH]1,0.0
Cc1sc2c(c1C)C(c1ccc(Cl)cc1)=N[C@@H](CC(=O)NCCCCCNC(=O)/C=C/c1cccnc1)c1nnc(C)n1-2,6.41,1,0.0,6.41,6.41,2024,2024,1,1,O=C(C=Cc1cccnc1)NCCCCCNC(=O)CC1N=C(c2ccccc2)c2ccsc2-n2cnnc21,0.0
Cc1sc2c(c1C)C(c1ccc(Cl)cc1)=N[C@@H](CC(=O)NCCCCCNC(=O)c1cc3cnccc3[nH]1)c1nnc(C)n1-2,7.47,1,0.0,7.47,7.47,2024,2024,1,1,O=C(CC1N=C(c2ccccc2)c2ccsc2-n2cnnc21)NCCCCCNC(=O)c1cc2cnccc2[nH]1,0.0
Cc1sc2c(c1C)C(c1ccc(Cl)cc1)=N[C@@H](CC(=O)NCCCCNC(=O)/C=C/c1cccnc1)c1nnc(C)n1-2,6.9,1,0.0,6.9,6.9,2024,2024,1,1,O=C(C=Cc1cccnc1)NCCCCNC(=O)CC1N=C(c2ccccc2)c2ccsc2-n2cnnc21,0.0
Cc1sc2c(c1C)C(c1ccc(Cl)cc1)=N[C@@H](CC(=O)NCCCCNC(=O)c1cc3cnccc3[nH]1)c1nnc(C)n1-2,7.6,1,0.0,7.6,7.6,2024,2024,1,1,O=C(CC1N=C(c2ccccc2)c2ccsc2-n2cnnc21)NCCCCNC(=O)c1cc2cnccc2[nH]1,0.0
Cc1sc2c(c1C)C(c1ccc(Cl)cc1)=N[C@@H](CC(=O)NCCCNC(=O)/C=C/c1cccnc1)c1nnc(C)n1-2,7.24,1,0.0,7.24,7.24,2024,2024,1,1,O=C(C=Cc1cccnc1)NCCCNC(=O)CC1N=C(c2ccccc2)c2ccsc2-n2cnnc21,0.0
Cc1sc2c(c1C)C(c1ccc(Cl)cc1)=N[C@@H](CC(=O)NCCCNC(=O)c1cc3cnccc3[nH]1)c1nnc(C)n1-2,7.3,1,0.0,7.3,7.3,2024,2024,1,1,O=C(CC1N=C(c2ccccc2)c2ccsc2-n2cnnc21)NCCCNC(=O)c1cc2cnccc2[nH]1,0.0
Cc1sc2c(c1C)C(c1ccc(Cl)cc1)=N[C@@H](CC(=O)NCCNC(=O)/C=C/c1cccnc1)c1nnc(C)n1-2,7.3,1,0.0,7.3,7.3,2024,2024,1,1,O=C(C=Cc1cccnc1)NCCNC(=O)CC1N=C(c2ccccc2)c2ccsc2-n2cnnc21,0.0
Cc1sc2c(c1C)C(c1ccc(Cl)cc1)=N[C@@H](CC(=O)NCCOCCNC(=O)/C=C/c1cccnc1)c1nnc(C)n1-2,6.5,1,0.0,6.5,6.5,2024,2024,1,1,O=C(C=Cc1cccnc1)NCCOCCNC(=O)CC1N=C(c2ccccc2)c2ccsc2-n2cnnc21,0.0
Cc1sc2c(c1C)C(c1ccc(Cl)cc1)=N[C@@H](CC(=O)NCCOCCNC(=O)c1cc3cnccc3[nH]1)c1nnc(C)n1-2,7.44,1,0.0,7.44,7.44,2024,2024,1,1,O=C(CC1N=C(c2ccccc2)c2ccsc2-n2cnnc21)NCCOCCNC(=O)c1cc2cnccc2[nH]1,0.0
Cc1sc2c(c1C)C(c1ccc(Cl)cc1)=N[C@@H](CC(=O)NCCOCCOCCNC(=O)/C=C/c1cccnc1)c1nnc(C)n1-2,6.28,1,0.0,6.28,6.28,2024,2024,1,1,O=C(C=Cc1cccnc1)NCCOCCOCCNC(=O)CC1N=C(c2ccccc2)c2ccsc2-n2cnnc21,0.0
Cc1sc2c(c1C)C(c1ccc(Cl)cc1)=N[C@@H](CC(=O)NCCOCCOCCNC(=O)c1cc3cnccc3[nH]1)c1nnc(C)n1-2,7.01,1,0.0,7.01,7.01,2024,2024,1,1,O=C(CC1N=C(c2ccccc2)c2ccsc2-n2cnnc21)NCCOCCOCCNC(=O)c1cc2cnccc2[nH]1,0.0
Cc1sc2c(c1C)C(c1ccc(Cl)cc1)=N[C@@H](CC(=O)NCc1ccc(CNC(=O)/C=C/c3cccnc3)cc1)c1nnc(C)n1-2,6.89,1,0.0,6.89,6.89,2024,2024,1,1,O=C(C=Cc1cccnc1)NCc1ccc(CNC(=O)CC2N=C(c3ccccc3)c3ccsc3-n3cnnc32)cc1,0.0
Cc1sc2c(c1C)C(c1ccc(Cl)cc1)=N[C@@H](CC(=O)NCc1ccc(CNC(=O)c3cc4cnccc4[nH]3)cc1)c1nnc(C)n1-2,6.5,1,0.0,6.5,6.5,2024,2024,1,1,O=C(CC1N=C(c2ccccc2)c2ccsc2-n2cnnc21)NCc1ccc(CNC(=O)c2cc3cnccc3[nH]2)cc1,0.0
Cc1sc2c(c1C)C(c1ccc(Cl)cc1)=N[C@@H](CC(=O)NCc1ccc(NC(=O)/C=C/c3cccnc3)cc1)c1nnc(C)n1-2,6.5,1,0.0,6.5,6.5,2024,2024,1,1,O=C(C=Cc1cccnc1)Nc1ccc(CNC(=O)CC2N=C(c3ccccc3)c3ccsc3-n3cnnc32)cc1,0.0
Cn1c(=O)cc(OCC(=O)Nc2ccc(F)cc2)c2ccccc21,4.59,1,0.0,4.59,4.59,2024,2024,1,1,O=C(COc1cc(=O)[nH]c2ccccc12)Nc1ccccc1,0.0
Cn1c(=O)cc(OCC(=O)Nc2ccc(F)cc2F)c2ccccc21,5.32,1,0.0,5.32,5.32,2024,2024,1,1,O=C(COc1cc(=O)[nH]c2ccccc12)Nc1ccccc1,0.0
Cn1c(=O)cc(OCCCC(=O)NC2CCCCCC2)c2ccccc21,7.02,1,0.0,7.02,7.02,2024,2024,1,1,O=C(CCCOc1cc(=O)[nH]c2ccccc12)NC1CCCCCC1,0.0
Cn1c(=O)cc(OCCCC(=O)NCc2ccc(F)cc2)c2ccccc21,5.77,1,0.0,5.77,5.77,2024,2024,1,1,O=C(CCCOc1cc(=O)[nH]c2ccccc12)NCc1ccccc1,0.0
Cn1c(=O)cc(OCCCC(=O)NCc2ccc(F)cc2Cl)c2ccccc21,5.78,1,0.0,5.78,5.78,2024,2024,1,1,O=C(CCCOc1cc(=O)[nH]c2ccccc12)NCc1ccccc1,0.0
Cn1c(=O)cc(OCCCC(=O)Nc2ccc(F)cc2)c2ccccc21,7.09,1,0.0,7.09,7.09,2024,2024,1,1,O=C(CCCOc1cc(=O)[nH]c2ccccc12)Nc1ccccc1,0.0
Cn1c(=O)cc(OCCCC(=O)Nc2ccc(F)cc2F)c2ccccc21,7.02,1,0.0,7.02,7.02,2024,2024,1,1,O=C(CCCOc1cc(=O)[nH]c2ccccc12)Nc1ccccc1,0.0
Cn1c(=O)cc(OCCCC(=O)Nc2cccc(C#N)c2)c2ccccc21,6.23,1,0.0,6.23,6.23,2024,2024,1,1,O=C(CCCOc1cc(=O)[nH]c2ccccc12)Nc1ccccc1,0.0
Cn1c(=O)cc(OCCCC(=O)Nc2cccc(C(F)(F)F)c2)c2ccccc21,5.93,1,0.0,5.93,5.93,2024,2024,1,1,O=C(CCCOc1cc(=O)[nH]c2ccccc12)Nc1ccccc1,0.0
Cn1c(=O)cc(OCCCC(=O)Nc2cccc(Cl)c2)c2ccccc21,6.17,1,0.0,6.17,6.17,2024,2024,1,1,O=C(CCCOc1cc(=O)[nH]c2ccccc12)Nc1ccccc1,0.0
Cn1c(=O)cc(OCCCC(=O)Nc2ccccc2F)c2ccccc21,6.82,1,0.0,6.82,6.82,2024,2024,1,1,O=C(CCCOc1cc(=O)[nH]c2ccccc12)Nc1ccccc1,0.0
Cn1cc(-c2cc(C(C)(C)O)ccc2Oc2ccc(F)cc2F)c(OCC(=O)NC2CC2)cc1=O,7.91,2,0.9758073580374352,7.22,8.6,2024,2024,1,2,O=C(COc1cc(=O)[nH]cc1-c1ccccc1Oc1ccccc1)NC1CC1,1.38
Cn1cc(-c2ccc3ccn(C(C)(c4ccccn4)c4ccccn4)c3n2)cc(NC2CCNCC2)c1=O,5.09,1,0.0,5.09,5.09,2024,2024,1,1,O=c1[nH]cc(-c2ccc3ccn(C(c4ccccn4)c4ccccn4)c3n2)cc1NC1CCNCC1,0.0
Cn1cc(-c2ccc3nc(C4CCOCC4)[nH]c3c2Oc2ccccc2)ccc1=O,8.03,1,0.0,8.03,8.03,2024,2024,1,1,O=c1ccc(-c2ccc3nc(C4CCOCC4)[nH]c3c2Oc2ccccc2)c[nH]1,0.0
Cn1cc(-c2cnc3ccn(C(C)(c4ccccn4)c4ccccn4)c3c2)cc(NC2CCNCC2)c1=O,5.06,1,0.0,5.06,5.06,2024,2024,1,1,O=c1[nH]cc(-c2cnc3ccn(C(c4ccccn4)c4ccccn4)c3c2)cc1NC1CCNCC1,0.0
Cn1ccc(-c2cn(C)c(=O)c3cn(CC4CCCCN(C(=O)NC5CCCCC5)C4)nc23)n1,6.66,1,0.0,6.66,6.66,2024,2024,1,1,O=C(NC1CCCCC1)N1CCCCC(Cn2cc3c(=O)[nH]cc(-c4cc[nH]n4)c3n2)C1,0.0
Cn1ccc(-c2cn(C)c(=O)c3cn(CC4CCN(S(C)(=O)=O)CC4)nc23)n1,5.8,1,0.0,5.8,5.8,2024,2024,1,1,O=c1[nH]cc(-c2cc[nH]n2)c2nn(CC3CCNCC3)cc12,0.0
Cn1ccc(-c2cn(C)c(=O)c3cn(C[C@H]4CCN(Cc5ccccc5)C4)nc23)n1,6.68,2,0.8909545442950497,6.05,7.31,2024,2024,1,2,O=c1[nH]cc(-c2cc[nH]n2)c2nn(CC3CCN(Cc4ccccc4)C3)cc12,1.2599999999999998
[2H]C([2H])([2H])O[C@H]1CC[C@H](n2c([C@@H]3C[C@H](F)C(=O)N3c3ccc(F)c(F)c3)nc3cc(-c4c(C)noc4C)ccc32)CC1,6.73,1,0.0,6.73,6.73,2024,2024,1,1,O=C1CCC(c2nc3cc(-c4cnoc4)ccc3n2C2CCCCC2)N1c1ccccc1,0.0
